ADC_Maestria,Suporte_Maestria,ADC,Suporte,Frequencia
Alta,Alta,Anivia,Alistar,2232
Alta,Alta,Anivia,Janna,2904
Alta,Alta,Anivia,Karma,7296
Alta,Alta,Aphelios,Alistar,4836
Alta,Alta,Aphelios,Janna,6292
Alta,Alta,Aphelios,Senna,8372
Alta,Alta,Aphelios,Velkoz,4368
Alta,Alta,Ashe,Braum,56966
Alta,Alta,Ashe,Ivern,9703
Alta,Alta,Ashe,Karma,95152
Alta,Alta,Ashe,Lulu,299854
Alta,Alta,Ashe,Lux,52584
Alta,Alta,Ashe,Milio,160256
Alta,Alta,Ashe,Morgana,16902
Alta,Alta,Ashe,Nautilus,88266
Alta,Alta,Ashe,Poppy,15650
Alta,Alta,Ashe,Pyke,49454
Alta,Alta,Ashe,Rakan,39438
Alta,Alta,Ashe,Rell,63226
Alta,Alta,Ashe,Senna,50393
Alta,Alta,Ashe,Sona,27857
Alta,Alta,Ashe,Soraka,74494
Alta,Alta,Ashe,TahmKench,30048
Alta,Alta,Ashe,Thresh,366210
Alta,Alta,Caitlyn,Blitzcrank,8996
Alta,Alta,Caitlyn,Camille,12456
Alta,Alta,Caitlyn,Janna,41866
Alta,Alta,Caitlyn,Karma,105184
Alta,Alta,Caitlyn,Lulu,165734
Alta,Alta,Caitlyn,Lux,174384
Alta,Alta,Caitlyn,Milio,177152
Alta,Alta,Caitlyn,Morgana,9342
Alta,Alta,Caitlyn,Nami,131480
Alta,Alta,Caitlyn,Nautilus,292716
Alta,Alta,Caitlyn,Poppy,17300
Alta,Alta,Caitlyn,Pyke,54668
Alta,Alta,Caitlyn,Rell,69892
Alta,Alta,Caitlyn,Seraphine,41866
Alta,Alta,Caitlyn,Sona,61588
Alta,Alta,Caitlyn,Thresh,269880
Alta,Alta,Caitlyn,Velkoz,29064
Alta,Alta,Caitlyn,Xerath,17992
Alta,Alta,Caitlyn,Zoe,29064
Alta,Alta,Caitlyn,Zyra,130096
Alta,Alta,Corki,Blitzcrank,1794
Alta,Alta,Corki,Braum,6279
Alta,Alta,Corki,Karma,41952
Alta,Alta,Corki,Nautilus,19458
Alta,Alta,Corki,Pyke,10902
Alta,Alta,Corki,Renata,828
Alta,Alta,Corki,Senna,11109
Alta,Alta,Corki,Soraka,16422
Alta,Alta,Corki,Thresh,26910
Alta,Alta,Draven,Alistar,15903
Alta,Alta,Draven,Braum,31122
Alta,Alta,Draven,Karma,51984
Alta,Alta,Draven,Lulu,81909
Alta,Alta,Draven,Milio,43776
Alta,Alta,Draven,Nautilus,48222
Alta,Alta,Draven,Rell,17271
Alta,Alta,Draven,Swain,6669
Alta,Alta,Ezreal,Braum,36946
Alta,Alta,Ezreal,Janna,49126
Alta,Alta,Ezreal,Karma,123424
Alta,Alta,Ezreal,Lulu,388948
Alta,Alta,Ezreal,Lux,136416
Alta,Alta,Ezreal,Milio,103936
Alta,Alta,Ezreal,Morgana,10962
Alta,Alta,Ezreal,Nami,462840
Alta,Alta,Ezreal,Nautilus,228984
Alta,Alta,Ezreal,Pyke,192444
Alta,Alta,Ezreal,Rell,82012
Alta,Alta,Ezreal,Renata,4872
Alta,Alta,Ezreal,Senna,65366
Alta,Alta,Ezreal,Seraphine,98252
Alta,Alta,Ezreal,Sona,72268
Alta,Alta,Ezreal,Soraka,386512
Alta,Alta,Ezreal,Thresh,633360
Alta,Alta,Ezreal,Velkoz,34104
Alta,Alta,Ezreal,Yuumi,38164
Alta,Alta,Ezreal,Zilean,14616
Alta,Alta,Ezreal,Zyra,76328
Alta,Alta,Hwei,Alistar,3813
Alta,Alta,Hwei,Karma,12464
Alta,Alta,Hwei,Zilean,1476
Alta,Alta,Jhin,Alistar,39990
Alta,Alta,Jhin,Bard,22360
Alta,Alta,Jhin,Blitzcrank,11180
Alta,Alta,Jhin,Ivern,13330
Alta,Alta,Jhin,Karma,784320
Alta,Alta,Jhin,Leona,86860
Alta,Alta,Jhin,Lulu,411940
Alta,Alta,Jhin,Milio,330240
Alta,Alta,Jhin,Nautilus,363780
Alta,Alta,Jhin,Poppy,43000
Alta,Alta,Jhin,Rakan,54180
Alta,Alta,Jhin,Senna,69230
Alta,Alta,Jhin,Seraphine,52030
Alta,Alta,Jhin,Sona,38270
Alta,Alta,Jhin,Soraka,102340
Alta,Alta,Jhin,Swain,16770
Alta,Alta,Jhin,TahmKench,41280
Alta,Alta,Jhin,Taric,18060
Alta,Alta,Jhin,Thresh,335400
Alta,Alta,Jhin,Zoe,18060
Alta,Alta,Jinx,Alistar,157077
Alta,Alta,Jinx,Bard,29276
Alta,Alta,Jinx,Blitzcrank,14638
Alta,Alta,Jinx,Braum,51233
Alta,Alta,Jinx,Galio,2815
Alta,Alta,Jinx,Janna,272492
Alta,Alta,Jinx,Karma,342304
Alta,Alta,Jinx,Leona,56863
Alta,Alta,Jinx,Lulu,809031
Alta,Alta,Jinx,Lux,94584
Alta,Alta,Jinx,Milio,576512
Alta,Alta,Jinx,Nami,427880
Alta,Alta,Jinx,Nautilus,317532
Alta,Alta,Jinx,Neeko,15201
Alta,Alta,Jinx,Pyke,88954
Alta,Alta,Jinx,Rell,113726
Alta,Alta,Jinx,Seraphine,204369
Alta,Alta,Jinx,Sona,50107
Alta,Alta,Jinx,Soraka,803964
Alta,Alta,Jinx,Swain,43914
Alta,Alta,Jinx,TahmKench,108096
Alta,Alta,Jinx,Thresh,1317420
Alta,Alta,Jinx,Velkoz,47292
Alta,Alta,Jinx,Yuumi,52922
Alta,Alta,Jinx,Zac,2815
Alta,Alta,Jinx,Zyra,105844
Alta,Alta,Kaisa,Ashe,364958
Alta,Alta,Kaisa,Bard,30316
Alta,Alta,Kaisa,Braum,106106
Alta,Alta,Kaisa,Hwei,23903
Alta,Alta,Kaisa,Karma,886160
Alta,Alta,Kaisa,Lulu,1117028
Alta,Alta,Kaisa,Lux,97944
Alta,Alta,Kaisa,Maokai,2332
Alta,Alta,Kaisa,Milio,149248
Alta,Alta,Kaisa,Nami,664620
Alta,Alta,Kaisa,Nautilus,657624
Alta,Alta,Kaisa,Poppy,29150
Alta,Alta,Kaisa,Pyke,276342
Alta,Alta,Kaisa,Rakan,220374
Alta,Alta,Kaisa,Rell,176649
Alta,Alta,Kaisa,Seraphine,141086
Alta,Alta,Kaisa,Shaco,20405
Alta,Alta,Kaisa,TahmKench,111936
Alta,Alta,Kaisa,Thresh,682110
Alta,Alta,Kaisa,Xerath,30316
Alta,Alta,Kaisa,Zyra,109604
Alta,Alta,Kalista,Leona,9898
Alta,Alta,Kalista,Lulu,46942
Alta,Alta,Kalista,Nautilus,13818
Alta,Alta,Kalista,Rakan,6174
Alta,Alta,Kalista,Rell,4949
Alta,Alta,Kalista,Renata,588
Alta,Alta,Kalista,Yuumi,4606
Alta,Alta,KogMaw,Alistar,5208
Alta,Alta,KogMaw,Lulu,26824
Alta,Alta,KogMaw,Milio,14336
Alta,Alta,KogMaw,Nami,42560
Alta,Alta,KogMaw,Rakan,7056
Alta,Alta,KogMaw,Soraka,13328
Alta,Alta,KogMaw,Thresh,65520
Alta,Alta,KogMaw,Yuumi,5264
Alta,Alta,Lucian,Alistar,20181
Alta,Alta,Lucian,Braum,59241
Alta,Alta,Lucian,Hwei,8897
Alta,Alta,Lucian,Janna,26257
Alta,Alta,Lucian,Karma,197904
Alta,Alta,Lucian,Lulu,207886
Alta,Alta,Lucian,Milio,166656
Alta,Alta,Lucian,Nami,164920
Alta,Alta,Lucian,Nautilus,61194
Alta,Alta,Lucian,Sona,19313
Alta,Alta,Lucian,Soraka,51646
Alta,Alta,Lucian,TahmKench,20832
Alta,Alta,Lucian,Thresh,169260
Alta,Alta,Lucian,Yuumi,20398
Alta,Alta,Lux,Lulu,80472
Alta,Alta,Lux,Rakan,42336
Alta,Alta,Lux,Seraphine,20328
Alta,Alta,Lux,Soraka,39984
Alta,Alta,Lux,Xerath,8736
Alta,Alta,Lux,Ziggs,3696
Alta,Alta,MissFortune,Braum,14378
Alta,Alta,MissFortune,Karma,48032
Alta,Alta,MissFortune,Leona,31916
Alta,Alta,MissFortune,Lulu,151364
Alta,Alta,MissFortune,Nami,60040
Alta,Alta,MissFortune,Nautilus,44556
Alta,Alta,MissFortune,Poppy,7900
Alta,Alta,MissFortune,Pyke,24964
Alta,Alta,MissFortune,Rakan,19908
Alta,Alta,MissFortune,Rell,31916
Alta,Alta,MissFortune,Shaco,5530
Alta,Alta,MissFortune,Thresh,123240
Alta,Alta,MissFortune,Zyra,59408
Alta,Alta,Nautilus,Senna,45402
Alta,Alta,Nilah,Blitzcrank,780
Alta,Alta,Nilah,Janna,3630
Alta,Alta,Nilah,Thresh,11700
Alta,Alta,Rengar,Ivern,14260
Alta,Alta,Samira,Alistar,8649
Alta,Alta,Samira,Braum,8463
Alta,Alta,Samira,Leona,9393
Alta,Alta,Samira,Lulu,44547
Alta,Alta,Samira,Nami,35340
Alta,Alta,Samira,Nautilus,104904
Alta,Alta,Samira,Pyke,29388
Alta,Alta,Samira,Renata,1116
Alta,Alta,Samira,Senna,14973
Alta,Alta,Samira,Sona,8277
Alta,Alta,Samira,Soraka,22134
Alta,Alta,Samira,Thresh,36270
Alta,Alta,Samira,Zoe,3906
Alta,Alta,Seraphine,Rell,12221
Alta,Alta,Seraphine,Senna,19481
Alta,Alta,Seraphine,Zoe,5082
Alta,Alta,Singed,Alistar,2139
Alta,Alta,Singed,Rell,2323
Alta,Alta,Singed,Thresh,8970
Alta,Alta,Sivir,Braum,7371
Alta,Alta,Sivir,Karma,24624
Alta,Alta,Sivir,Leona,8181
Alta,Alta,Sivir,Lulu,38799
Alta,Alta,Sivir,Milio,20736
Alta,Alta,Sivir,Pyke,12798
Alta,Alta,Sivir,Soraka,19278
Alta,Alta,Sivir,Taric,3402
Alta,Alta,Sivir,Thresh,31590
Alta,Alta,Smolder,Alistar,28458
Alta,Alta,Smolder,Braum,13923
Alta,Alta,Smolder,Karma,93024
Alta,Alta,Smolder,Leona,15453
Alta,Alta,Smolder,Lux,51408
Alta,Alta,Smolder,MissFortune,24174
Alta,Alta,Smolder,Nami,58140
Alta,Alta,Smolder,Rakan,38556
Alta,Alta,Smolder,Rell,61812
Alta,Alta,Smolder,Renata,1836
Alta,Alta,Smolder,Seraphine,18513
Alta,Alta,Smolder,Soraka,72828
Alta,Alta,Smolder,TahmKench,14688
Alta,Alta,Smolder,Thresh,59670
Alta,Alta,Smolder,Velkoz,25704
Alta,Alta,Smolder,Xerath,7956
Alta,Alta,Smolder,Zilean,5508
Alta,Alta,Smolder,Zyra,28764
Alta,Alta,Swain,Xerath,2028
Alta,Alta,Tristana,Brand,567
Alta,Alta,Tristana,Milio,6912
Alta,Alta,Tristana,Senna,4347
Alta,Alta,Tristana,Seraphine,3267
Alta,Alta,Tristana,Soraka,6426
Alta,Alta,Tristana,Thresh,10530
Alta,Alta,Tristana,Velkoz,2268
Alta,Alta,Tristana,Zilean,972
Alta,Alta,Twitch,Lulu,32572
Alta,Alta,Twitch,Nami,25840
Alta,Alta,Twitch,Pyke,10744
Alta,Alta,Twitch,Seraphine,8228
Alta,Alta,Twitch,Sona,6052
Alta,Alta,Twitch,Yuumi,6392
Alta,Alta,Varus,Ashe,57592
Alta,Alta,Varus,Brand,3864
Alta,Alta,Varus,Hwei,7544
Alta,Alta,Varus,Janna,22264
Alta,Alta,Varus,Karma,223744
Alta,Alta,Varus,Leona,18584
Alta,Alta,Varus,Nami,209760
Alta,Alta,Varus,Nautilus,51888
Alta,Alta,Varus,Pantheon,1656
Alta,Alta,Varus,Rakan,23184
Alta,Alta,Varus,Rell,55752
Alta,Alta,Varus,Senna,29624
Alta,Alta,Varus,Seraphine,22264
Alta,Alta,Varus,Thresh,143520
Alta,Alta,Vayne,Anivia,3120
Alta,Alta,Vayne,Camille,4680
Alta,Alta,Vayne,Karma,39520
Alta,Alta,Vayne,Leona,13130
Alta,Alta,Vayne,Lulu,62270
Alta,Alta,Vayne,Pyke,20540
Alta,Alta,Vayne,Seraphine,31460
Alta,Alta,Vayne,Soraka,61880
Alta,Alta,Vayne,TahmKench,24960
Alta,Alta,Vayne,Thresh,50700
Alta,Alta,Veigar,Leona,6060
Alta,Alta,Veigar,Soraka,7140
Alta,Alta,Xayah,Alistar,8184
Alta,Alta,Xayah,Bard,4576
Alta,Alta,Xayah,Braum,8008
Alta,Alta,Xayah,Lulu,84304
Alta,Alta,Xayah,Nautilus,49632
Alta,Alta,Xayah,Rakan,11088
Alta,Alta,Xayah,Soraka,20944
Alta,Alta,Xayah,Thresh,102960
Alta,Alta,Yasuo,Ivern,217
Alta,Alta,Zeri,Braum,11648
Alta,Alta,Zeri,Janna,15488
Alta,Alta,Zeri,Karma,38912
Alta,Alta,Zeri,Leona,12928
Alta,Alta,Zeri,Lulu,122624
Alta,Alta,Zeri,Nami,97280
Alta,Alta,Zeri,Neeko,3456
Alta,Alta,Zeri,Pyke,20224
Alta,Alta,Zeri,Renata,1536
Alta,Alta,Zeri,Soraka,30464
Alta,Alta,Zeri,Taric,5376
Alta,Alta,Zeri,Thresh,49920
Alta,Alta,Zeri,Xerath,6656
Alta,Alta,Zeri,Yuumi,12032
Alta,Alta,Ziggs,Alistar,2046
Alta,Alta,Ziggs,Hwei,902
Alta,Alta,Ziggs,Morgana,594
Alta,Alta,Ziggs,Rell,2222
Alta,Alta,Ziggs,Soraka,5236
Alta,Alta,Ziggs,TahmKench,2112
Alta,Alta,Ziggs,Thresh,8580
Alta,Baixa,Anivia,Alistar,2472
Alta,Baixa,Anivia,Janna,1992
Alta,Baixa,Anivia,Karma,3720
Alta,Baixa,Aphelios,Alistar,5356
Alta,Baixa,Aphelios,Janna,4316
Alta,Baixa,Aphelios,Senna,8372
Alta,Baixa,Aphelios,Velkoz,1768
Alta,Baixa,Ashe,Braum,82632
Alta,Baixa,Ashe,Ivern,939
Alta,Baixa,Ashe,Karma,48515
Alta,Baixa,Ashe,Lulu,104542
Alta,Baixa,Ashe,Lux,35056
Alta,Baixa,Ashe,Milio,90770
Alta,Baixa,Ashe,Morgana,53210
Alta,Baixa,Ashe,Nautilus,59470
Alta,Baixa,Ashe,Poppy,17841
Alta,Baixa,Ashe,Pyke,20032
Alta,Baixa,Ashe,Rakan,42881
Alta,Baixa,Ashe,Rell,75120
Alta,Baixa,Ashe,Senna,50393
Alta,Baixa,Ashe,Sona,17215
Alta,Baixa,Ashe,Soraka,26292
Alta,Baixa,Ashe,TahmKench,13772
Alta,Baixa,Ashe,Thresh,141789
Alta,Baixa,Caitlyn,Blitzcrank,31832
Alta,Baixa,Caitlyn,Camille,4498
Alta,Baixa,Caitlyn,Janna,28718
Alta,Baixa,Caitlyn,Karma,53630
Alta,Baixa,Caitlyn,Lulu,57782
Alta,Baixa,Caitlyn,Lux,116256
Alta,Baixa,Caitlyn,Milio,100340
Alta,Baixa,Caitlyn,Morgana,29410
Alta,Baixa,Caitlyn,Nami,51554
Alta,Baixa,Caitlyn,Nautilus,197220
Alta,Baixa,Caitlyn,Poppy,19722
Alta,Baixa,Caitlyn,Pyke,22144
Alta,Baixa,Caitlyn,Rell,83040
Alta,Baixa,Caitlyn,Seraphine,36330
Alta,Baixa,Caitlyn,Sona,38060
Alta,Baixa,Caitlyn,Thresh,104492
Alta,Baixa,Caitlyn,Velkoz,11764
Alta,Baixa,Caitlyn,Xerath,11764
Alta,Baixa,Caitlyn,Zoe,3460
Alta,Baixa,Caitlyn,Zyra,38752
Alta,Baixa,Corki,Blitzcrank,6348
Alta,Baixa,Corki,Braum,9108
Alta,Baixa,Corki,Karma,21390
Alta,Baixa,Corki,Nautilus,13110
Alta,Baixa,Corki,Pyke,4416
Alta,Baixa,Corki,Renata,5106
Alta,Baixa,Corki,Senna,11109
Alta,Baixa,Corki,Soraka,5796
Alta,Baixa,Corki,Thresh,10419
Alta,Baixa,Draven,Alistar,17613
Alta,Baixa,Draven,Braum,45144
Alta,Baixa,Draven,Karma,26505
Alta,Baixa,Draven,Lulu,28557
Alta,Baixa,Draven,Milio,24795
Alta,Baixa,Draven,Nautilus,32490
Alta,Baixa,Draven,Rell,20520
Alta,Baixa,Draven,Swain,11799
Alta,Baixa,Ezreal,Braum,53592
Alta,Baixa,Ezreal,Janna,33698
Alta,Baixa,Ezreal,Karma,62930
Alta,Baixa,Ezreal,Lulu,135604
Alta,Baixa,Ezreal,Lux,90944
Alta,Baixa,Ezreal,Milio,58870
Alta,Baixa,Ezreal,Morgana,34510
Alta,Baixa,Ezreal,Nami,181482
Alta,Baixa,Ezreal,Nautilus,154280
Alta,Baixa,Ezreal,Pyke,77952
Alta,Baixa,Ezreal,Rell,97440
Alta,Baixa,Ezreal,Renata,30044
Alta,Baixa,Ezreal,Senna,65366
Alta,Baixa,Ezreal,Seraphine,85260
Alta,Baixa,Ezreal,Sona,44660
Alta,Baixa,Ezreal,Soraka,136416
Alta,Baixa,Ezreal,Thresh,245224
Alta,Baixa,Ezreal,Velkoz,13804
Alta,Baixa,Ezreal,Yuumi,15428
Alta,Baixa,Ezreal,Zilean,15022
Alta,Baixa,Ezreal,Zyra,22736
Alta,Baixa,Hwei,Alistar,4223
Alta,Baixa,Hwei,Karma,6355
Alta,Baixa,Hwei,Zilean,1517
Alta,Baixa,Jhin,Alistar,44290
Alta,Baixa,Jhin,Bard,22790
Alta,Baixa,Jhin,Blitzcrank,39560
Alta,Baixa,Jhin,Ivern,1290
Alta,Baixa,Jhin,Karma,399900
Alta,Baixa,Jhin,Leona,107500
Alta,Baixa,Jhin,Lulu,143620
Alta,Baixa,Jhin,Milio,187050
Alta,Baixa,Jhin,Nautilus,245100
Alta,Baixa,Jhin,Poppy,49020
Alta,Baixa,Jhin,Rakan,58910
Alta,Baixa,Jhin,Senna,69230
Alta,Baixa,Jhin,Seraphine,45150
Alta,Baixa,Jhin,Sona,23650
Alta,Baixa,Jhin,Soraka,36120
Alta,Baixa,Jhin,Swain,29670
Alta,Baixa,Jhin,TahmKench,18920
Alta,Baixa,Jhin,Taric,5160
Alta,Baixa,Jhin,Thresh,129860
Alta,Baixa,Jhin,Zoe,2150
Alta,Baixa,Jinx,Alistar,173967
Alta,Baixa,Jinx,Bard,29839
Alta,Baixa,Jinx,Blitzcrank,51796
Alta,Baixa,Jinx,Braum,74316
Alta,Baixa,Jinx,Galio,4504
Alta,Baixa,Jinx,Janna,186916
Alta,Baixa,Jinx,Karma,174530
Alta,Baixa,Jinx,Leona,70375
Alta,Baixa,Jinx,Lulu,282063
Alta,Baixa,Jinx,Lux,63056
Alta,Baixa,Jinx,Milio,326540
Alta,Baixa,Jinx,Nami,167774
Alta,Baixa,Jinx,Nautilus,213940
Alta,Baixa,Jinx,Neeko,16327
Alta,Baixa,Jinx,Pyke,36032
Alta,Baixa,Jinx,Rell,135120
Alta,Baixa,Jinx,Seraphine,177345
Alta,Baixa,Jinx,Sona,30965
Alta,Baixa,Jinx,Soraka,283752
Alta,Baixa,Jinx,Swain,77694
Alta,Baixa,Jinx,TahmKench,49544
Alta,Baixa,Jinx,Thresh,510078
Alta,Baixa,Jinx,Velkoz,19142
Alta,Baixa,Jinx,Yuumi,21394
Alta,Baixa,Jinx,Zac,3941
Alta,Baixa,Jinx,Zyra,31528
Alta,Baixa,Kaisa,Ashe,370788
Alta,Baixa,Kaisa,Bard,30899
Alta,Baixa,Kaisa,Braum,153912
Alta,Baixa,Kaisa,Hwei,21571
Alta,Baixa,Kaisa,Karma,451825
Alta,Baixa,Kaisa,Lulu,389444
Alta,Baixa,Kaisa,Lux,65296
Alta,Baixa,Kaisa,Maokai,25069
Alta,Baixa,Kaisa,Milio,84535
Alta,Baixa,Kaisa,Nami,260601
Alta,Baixa,Kaisa,Nautilus,443080
Alta,Baixa,Kaisa,Poppy,33231
Alta,Baixa,Kaisa,Pyke,111936
Alta,Baixa,Kaisa,Rakan,239613
Alta,Baixa,Kaisa,Rell,209880
Alta,Baixa,Kaisa,Seraphine,122430
Alta,Baixa,Kaisa,Shaco,5247
Alta,Baixa,Kaisa,TahmKench,51304
Alta,Baixa,Kaisa,Thresh,264099
Alta,Baixa,Kaisa,Xerath,19822
Alta,Baixa,Kaisa,Zyra,32648
Alta,Baixa,Kalista,Leona,12250
Alta,Baixa,Kalista,Lulu,16366
Alta,Baixa,Kalista,Nautilus,9310
Alta,Baixa,Kalista,Rakan,6713
Alta,Baixa,Kalista,Rell,5880
Alta,Baixa,Kalista,Renata,3626
Alta,Baixa,Kalista,Yuumi,1862
Alta,Baixa,KogMaw,Alistar,5768
Alta,Baixa,KogMaw,Lulu,9352
Alta,Baixa,KogMaw,Milio,8120
Alta,Baixa,KogMaw,Nami,16688
Alta,Baixa,KogMaw,Rakan,7672
Alta,Baixa,KogMaw,Soraka,4704
Alta,Baixa,KogMaw,Thresh,25368
Alta,Baixa,KogMaw,Yuumi,2128
Alta,Baixa,Lucian,Alistar,22351
Alta,Baixa,Lucian,Braum,85932
Alta,Baixa,Lucian,Hwei,8029
Alta,Baixa,Lucian,Janna,18011
Alta,Baixa,Lucian,Karma,100905
Alta,Baixa,Lucian,Lulu,72478
Alta,Baixa,Lucian,Milio,94395
Alta,Baixa,Lucian,Nami,64666
Alta,Baixa,Lucian,Nautilus,41230
Alta,Baixa,Lucian,Sona,11935
Alta,Baixa,Lucian,Soraka,18228
Alta,Baixa,Lucian,TahmKench,9548
Alta,Baixa,Lucian,Thresh,65534
Alta,Baixa,Lucian,Yuumi,8246
Alta,Baixa,Lux,Lulu,28056
Alta,Baixa,Lux,Rakan,46032
Alta,Baixa,Lux,Seraphine,17640
Alta,Baixa,Lux,Soraka,14112
Alta,Baixa,Lux,Xerath,5712
Alta,Baixa,Lux,Ziggs,16296
Alta,Baixa,MissFortune,Braum,20856
Alta,Baixa,MissFortune,Karma,24490
Alta,Baixa,MissFortune,Leona,39500
Alta,Baixa,MissFortune,Lulu,52772
Alta,Baixa,MissFortune,Nami,23542
Alta,Baixa,MissFortune,Nautilus,30020
Alta,Baixa,MissFortune,Poppy,9006
Alta,Baixa,MissFortune,Pyke,10112
Alta,Baixa,MissFortune,Rakan,21646
Alta,Baixa,MissFortune,Rell,37920
Alta,Baixa,MissFortune,Shaco,1422
Alta,Baixa,MissFortune,Thresh,47716
Alta,Baixa,MissFortune,Zyra,17696
Alta,Baixa,Nautilus,Senna,45402
Alta,Baixa,Nilah,Blitzcrank,2760
Alta,Baixa,Nilah,Janna,2490
Alta,Baixa,Nilah,Thresh,4530
Alta,Baixa,Rengar,Ivern,1380
Alta,Baixa,Samira,Alistar,9579
Alta,Baixa,Samira,Braum,12276
Alta,Baixa,Samira,Leona,11625
Alta,Baixa,Samira,Lulu,15531
Alta,Baixa,Samira,Nami,13857
Alta,Baixa,Samira,Nautilus,70680
Alta,Baixa,Samira,Pyke,11904
Alta,Baixa,Samira,Renata,6882
Alta,Baixa,Samira,Senna,14973
Alta,Baixa,Samira,Sona,5115
Alta,Baixa,Samira,Soraka,7812
Alta,Baixa,Samira,Thresh,14043
Alta,Baixa,Samira,Zoe,465
Alta,Baixa,Seraphine,Rell,14520
Alta,Baixa,Seraphine,Senna,19481
Alta,Baixa,Seraphine,Sion,726
Alta,Baixa,Seraphine,Zoe,605
Alta,Baixa,Singed,Alistar,2369
Alta,Baixa,Singed,Rell,2760
Alta,Baixa,Singed,Thresh,3473
Alta,Baixa,Sivir,Braum,10692
Alta,Baixa,Sivir,Karma,12555
Alta,Baixa,Sivir,Leona,10125
Alta,Baixa,Sivir,Lulu,13527
Alta,Baixa,Sivir,Milio,11745
Alta,Baixa,Sivir,Pyke,5184
Alta,Baixa,Sivir,Soraka,6804
Alta,Baixa,Sivir,Taric,972
Alta,Baixa,Sivir,Thresh,12231
Alta,Baixa,Smolder,Alistar,31518
Alta,Baixa,Smolder,Braum,20196
Alta,Baixa,Smolder,Karma,47430
Alta,Baixa,Smolder,Leona,19125
Alta,Baixa,Smolder,Lux,34272
Alta,Baixa,Smolder,MissFortune,26010
Alta,Baixa,Smolder,Nami,22797
Alta,Baixa,Smolder,Rakan,41922
Alta,Baixa,Smolder,Rell,73440
Alta,Baixa,Smolder,Renata,11322
Alta,Baixa,Smolder,Seraphine,16065
Alta,Baixa,Smolder,Soraka,25704
Alta,Baixa,Smolder,TahmKench,6732
Alta,Baixa,Smolder,Thresh,23103
Alta,Baixa,Smolder,Velkoz,10404
Alta,Baixa,Smolder,Xerath,5202
Alta,Baixa,Smolder,Zilean,5661
Alta,Baixa,Smolder,Zyra,8568
Alta,Baixa,Swain,Xerath,1326
Alta,Baixa,Tristana,Brand,891
Alta,Baixa,Tristana,Milio,3915
Alta,Baixa,Tristana,Senna,4347
Alta,Baixa,Tristana,Seraphine,2835
Alta,Baixa,Tristana,Soraka,2268
Alta,Baixa,Tristana,Thresh,4077
Alta,Baixa,Tristana,Velkoz,918
Alta,Baixa,Tristana,Zilean,999
Alta,Baixa,Twitch,Lulu,11356
Alta,Baixa,Twitch,Nami,10132
Alta,Baixa,Twitch,Pyke,4352
Alta,Baixa,Twitch,Seraphine,7140
Alta,Baixa,Twitch,Sona,3740
Alta,Baixa,Twitch,Yuumi,2584
Alta,Baixa,Varus,Ashe,58512
Alta,Baixa,Varus,Brand,6072
Alta,Baixa,Varus,Hwei,6808
Alta,Baixa,Varus,Janna,15272
Alta,Baixa,Varus,Karma,114080
Alta,Baixa,Varus,Leona,23000
Alta,Baixa,Varus,Nami,82248
Alta,Baixa,Varus,Nautilus,34960
Alta,Baixa,Varus,Pantheon,3496
Alta,Baixa,Varus,Rakan,25208
Alta,Baixa,Varus,Rell,66240
Alta,Baixa,Varus,Senna,29624
Alta,Baixa,Varus,Seraphine,19320
Alta,Baixa,Varus,Thresh,55568
Alta,Baixa,Vayne,Anivia,130
Alta,Baixa,Vayne,Camille,1690
Alta,Baixa,Vayne,Karma,20150
Alta,Baixa,Vayne,Leona,16250
Alta,Baixa,Vayne,Lulu,21710
Alta,Baixa,Vayne,Pyke,8320
Alta,Baixa,Vayne,Seraphine,27300
Alta,Baixa,Vayne,Soraka,21840
Alta,Baixa,Vayne,TahmKench,11440
Alta,Baixa,Vayne,Thresh,19630
Alta,Baixa,Veigar,Leona,7500
Alta,Baixa,Veigar,Soraka,2520
Alta,Baixa,Xayah,Alistar,9064
Alta,Baixa,Xayah,Bard,4664
Alta,Baixa,Xayah,Braum,11616
Alta,Baixa,Xayah,Lulu,29392
Alta,Baixa,Xayah,Nautilus,33440
Alta,Baixa,Xayah,Rakan,12056
Alta,Baixa,Xayah,Soraka,7392
Alta,Baixa,Xayah,Thresh,39864
Alta,Baixa,Yasuo,Ivern,21
Alta,Baixa,Zeri,Braum,16896
Alta,Baixa,Zeri,Janna,10624
Alta,Baixa,Zeri,Karma,19840
Alta,Baixa,Zeri,Leona,16000
Alta,Baixa,Zeri,Lulu,42752
Alta,Baixa,Zeri,Nami,38144
Alta,Baixa,Zeri,Neeko,3712
Alta,Baixa,Zeri,Pyke,8192
Alta,Baixa,Zeri,Renata,9472
Alta,Baixa,Zeri,Soraka,10752
Alta,Baixa,Zeri,Taric,1536
Alta,Baixa,Zeri,Thresh,19328
Alta,Baixa,Zeri,Xerath,4352
Alta,Baixa,Zeri,Yuumi,4864
Alta,Baixa,Ziggs,Alistar,2266
Alta,Baixa,Ziggs,Hwei,814
Alta,Baixa,Ziggs,Morgana,1870
Alta,Baixa,Ziggs,Rell,2640
Alta,Baixa,Ziggs,Soraka,1848
Alta,Baixa,Ziggs,TahmKench,968
Alta,Baixa,Ziggs,Thresh,3322
Baixa,Alta,Anivia,Alistar,93
Baixa,Alta,Anivia,Janna,121
Baixa,Alta,Anivia,Karma,304
Baixa,Alta,Aphelios,Alistar,7905
Baixa,Alta,Aphelios,Janna,10285
Baixa,Alta,Aphelios,Senna,13685
Baixa,Alta,Aphelios,Velkoz,7140
Baixa,Alta,Ashe,Braum,57876
Baixa,Alta,Ashe,Ivern,9858
Baixa,Alta,Ashe,Karma,96672
Baixa,Alta,Ashe,Lulu,304644
Baixa,Alta,Ashe,Lux,53424
Baixa,Alta,Ashe,Milio,162816
Baixa,Alta,Ashe,Morgana,17172
Baixa,Alta,Ashe,Nautilus,89676
Baixa,Alta,Ashe,Poppy,15900
Baixa,Alta,Ashe,Pyke,50244
Baixa,Alta,Ashe,Rakan,40068
Baixa,Alta,Ashe,Rell,64236
Baixa,Alta,Ashe,Senna,51198
Baixa,Alta,Ashe,Sona,28302
Baixa,Alta,Ashe,Soraka,75684
Baixa,Alta,Ashe,TahmKench,30528
Baixa,Alta,Ashe,Thresh,372060
Baixa,Alta,Caitlyn,Blitzcrank,7748
Baixa,Alta,Caitlyn,Camille,10728
Baixa,Alta,Caitlyn,Janna,36058
Baixa,Alta,Caitlyn,Karma,90592
Baixa,Alta,Caitlyn,Lulu,142742
Baixa,Alta,Caitlyn,Lux,150192
Baixa,Alta,Caitlyn,Milio,152576
Baixa,Alta,Caitlyn,Morgana,8046
Baixa,Alta,Caitlyn,Nami,113240
Baixa,Alta,Caitlyn,Nautilus,252108
Baixa,Alta,Caitlyn,Poppy,14900
Baixa,Alta,Caitlyn,Pyke,47084
Baixa,Alta,Caitlyn,Rell,60196
Baixa,Alta,Caitlyn,Seraphine,36058
Baixa,Alta,Caitlyn,Sona,53044
Baixa,Alta,Caitlyn,Thresh,232440
Baixa,Alta,Caitlyn,Velkoz,25032
Baixa,Alta,Caitlyn,Xerath,15496
Baixa,Alta,Caitlyn,Zoe,25032
Baixa,Alta,Caitlyn,Zyra,112048
Baixa,Alta,Cassiopeia,Nautilus,1692
Baixa,Alta,Cassiopeia,Sona,534
Baixa,Alta,Cassiopeia,Soraka,2856
Baixa,Alta,Corki,Blitzcrank,1560
Baixa,Alta,Corki,Braum,5460
Baixa,Alta,Corki,Karma,36480
Baixa,Alta,Corki,Nautilus,16920
Baixa,Alta,Corki,Pyke,9480
Baixa,Alta,Corki,Renata,720
Baixa,Alta,Corki,Senna,9660
Baixa,Alta,Corki,Soraka,14280
Baixa,Alta,Corki,Thresh,23400
Baixa,Alta,Draven,Alistar,9486
Baixa,Alta,Draven,Braum,18564
Baixa,Alta,Draven,Karma,31008
Baixa,Alta,Draven,Lulu,48858
Baixa,Alta,Draven,Milio,26112
Baixa,Alta,Draven,Nautilus,28764
Baixa,Alta,Draven,Rell,10302
Baixa,Alta,Draven,Swain,3978
Baixa,Alta,Ezreal,Braum,31759
Baixa,Alta,Ezreal,Janna,42229
Baixa,Alta,Ezreal,Karma,106096
Baixa,Alta,Ezreal,Lulu,334342
Baixa,Alta,Ezreal,Lux,117264
Baixa,Alta,Ezreal,Milio,89344
Baixa,Alta,Ezreal,Morgana,9423
Baixa,Alta,Ezreal,Nami,397860
Baixa,Alta,Ezreal,Nautilus,196836
Baixa,Alta,Ezreal,Pyke,165426
Baixa,Alta,Ezreal,Rell,70498
Baixa,Alta,Ezreal,Renata,4188
Baixa,Alta,Ezreal,Senna,56189
Baixa,Alta,Ezreal,Seraphine,84458
Baixa,Alta,Ezreal,Sona,62122
Baixa,Alta,Ezreal,Soraka,332248
Baixa,Alta,Ezreal,Thresh,544440
Baixa,Alta,Ezreal,Velkoz,29316
Baixa,Alta,Ezreal,Yuumi,32806
Baixa,Alta,Ezreal,Zilean,12564
Baixa,Alta,Ezreal,Zyra,65612
Baixa,Alta,Hwei,Alistar,3441
Baixa,Alta,Hwei,Karma,11248
Baixa,Alta,Hwei,Zilean,1332
Baixa,Alta,Jhin,Alistar,32457
Baixa,Alta,Jhin,Bard,18148
Baixa,Alta,Jhin,Blitzcrank,9074
Baixa,Alta,Jhin,Ivern,10819
Baixa,Alta,Jhin,Karma,636576
Baixa,Alta,Jhin,Leona,70498
Baixa,Alta,Jhin,Lulu,334342
Baixa,Alta,Jhin,Milio,268032
Baixa,Alta,Jhin,Nautilus,295254
Baixa,Alta,Jhin,Poppy,34900
Baixa,Alta,Jhin,Rakan,43974
Baixa,Alta,Jhin,Senna,56189
Baixa,Alta,Jhin,Seraphine,42229
Baixa,Alta,Jhin,Sona,31061
Baixa,Alta,Jhin,Soraka,83062
Baixa,Alta,Jhin,Swain,13611
Baixa,Alta,Jhin,TahmKench,33504
Baixa,Alta,Jhin,Taric,14658
Baixa,Alta,Jhin,Thresh,272220
Baixa,Alta,Jhin,Zoe,14658
Baixa,Alta,Jinx,Alistar,89001
Baixa,Alta,Jinx,Bard,16588
Baixa,Alta,Jinx,Blitzcrank,8294
Baixa,Alta,Jinx,Braum,29029
Baixa,Alta,Jinx,Galio,1595
Baixa,Alta,Jinx,Janna,154396
Baixa,Alta,Jinx,Karma,193952
Baixa,Alta,Jinx,Leona,32219
Baixa,Alta,Jinx,Lulu,458403
Baixa,Alta,Jinx,Lux,53592
Baixa,Alta,Jinx,Milio,326656
Baixa,Alta,Jinx,Nami,242440
Baixa,Alta,Jinx,Nautilus,179916
Baixa,Alta,Jinx,Neeko,8613
Baixa,Alta,Jinx,Pyke,50402
Baixa,Alta,Jinx,Rell,64438
Baixa,Alta,Jinx,Seraphine,115797
Baixa,Alta,Jinx,Sona,28391
Baixa,Alta,Jinx,Soraka,455532
Baixa,Alta,Jinx,Swain,24882
Baixa,Alta,Jinx,TahmKench,61248
Baixa,Alta,Jinx,Thresh,746460
Baixa,Alta,Jinx,Velkoz,26796
Baixa,Alta,Jinx,Yuumi,29986
Baixa,Alta,Jinx,Zac,1595
Baixa,Alta,Jinx,Zyra,59972
Baixa,Alta,Kaisa,Ashe,194060
Baixa,Alta,Kaisa,Bard,16120
Baixa,Alta,Kaisa,Braum,56420
Baixa,Alta,Kaisa,Hwei,12710
Baixa,Alta,Kaisa,Karma,471200
Baixa,Alta,Kaisa,Lulu,593960
Baixa,Alta,Kaisa,Lux,52080
Baixa,Alta,Kaisa,Maokai,1240
Baixa,Alta,Kaisa,Milio,79360
Baixa,Alta,Kaisa,Nami,353400
Baixa,Alta,Kaisa,Nautilus,349680
Baixa,Alta,Kaisa,Poppy,15500
Baixa,Alta,Kaisa,Pyke,146940
Baixa,Alta,Kaisa,Rakan,117180
Baixa,Alta,Kaisa,Rell,93930
Baixa,Alta,Kaisa,Seraphine,75020
Baixa,Alta,Kaisa,Shaco,10850
Baixa,Alta,Kaisa,TahmKench,59520
Baixa,Alta,Kaisa,Thresh,362700
Baixa,Alta,Kaisa,Xerath,16120
Baixa,Alta,Kaisa,Zyra,58280
Baixa,Alta,Kalista,Leona,18382
Baixa,Alta,Kalista,Lulu,87178
Baixa,Alta,Kalista,Nautilus,25662
Baixa,Alta,Kalista,Rakan,11466
Baixa,Alta,Kalista,Rell,9191
Baixa,Alta,Kalista,Renata,1092
Baixa,Alta,Kalista,Yuumi,8554
Baixa,Alta,KogMaw,Alistar,5952
Baixa,Alta,KogMaw,Lulu,30656
Baixa,Alta,KogMaw,Milio,16384
Baixa,Alta,KogMaw,Nami,48640
Baixa,Alta,KogMaw,Rakan,8064
Baixa,Alta,KogMaw,Soraka,15232
Baixa,Alta,KogMaw,Thresh,74880
Baixa,Alta,KogMaw,Yuumi,6016
Baixa,Alta,Lucian,Alistar,23808
Baixa,Alta,Lucian,Braum,69888
Baixa,Alta,Lucian,Hwei,10496
Baixa,Alta,Lucian,Janna,30976
Baixa,Alta,Lucian,Karma,233472
Baixa,Alta,Lucian,Lulu,245248
Baixa,Alta,Lucian,Milio,196608
Baixa,Alta,Lucian,Nami,194560
Baixa,Alta,Lucian,Nautilus,72192
Baixa,Alta,Lucian,Sona,22784
Baixa,Alta,Lucian,Soraka,60928
Baixa,Alta,Lucian,TahmKench,24576
Baixa,Alta,Lucian,Thresh,199680
Baixa,Alta,Lucian,Yuumi,24064
Baixa,Alta,Lux,Lulu,53648
Baixa,Alta,Lux,Rakan,28224
Baixa,Alta,Lux,Seraphine,13552
Baixa,Alta,Lux,Soraka,26656
Baixa,Alta,Lux,Xerath,5824
Baixa,Alta,Lux,Ziggs,2464
Baixa,Alta,MissFortune,Braum,15470
Baixa,Alta,MissFortune,Karma,51680
Baixa,Alta,MissFortune,Leona,34340
Baixa,Alta,MissFortune,Lulu,162860
Baixa,Alta,MissFortune,Nami,64600
Baixa,Alta,MissFortune,Nautilus,47940
Baixa,Alta,MissFortune,Poppy,8500
Baixa,Alta,MissFortune,Pyke,26860
Baixa,Alta,MissFortune,Rakan,21420
Baixa,Alta,MissFortune,Rell,34340
Baixa,Alta,MissFortune,Shaco,5950
Baixa,Alta,MissFortune,Thresh,132600
Baixa,Alta,MissFortune,Zyra,63920
Baixa,Alta,Nautilus,Senna,30590
Baixa,Alta,Nilah,Blitzcrank,650
Baixa,Alta,Nilah,Janna,3025
Baixa,Alta,Nilah,Thresh,9750
Baixa,Alta,Rengar,Ivern,2480
Baixa,Alta,Samira,Alistar,9300
Baixa,Alta,Samira,Braum,9100
Baixa,Alta,Samira,Leona,10100
Baixa,Alta,Samira,Lulu,47900
Baixa,Alta,Samira,Nami,38000
Baixa,Alta,Samira,Nautilus,112800
Baixa,Alta,Samira,Pyke,31600
Baixa,Alta,Samira,Renata,1200
Baixa,Alta,Samira,Senna,16100
Baixa,Alta,Samira,Sona,8900
Baixa,Alta,Samira,Soraka,23800
Baixa,Alta,Samira,Thresh,39000
Baixa,Alta,Samira,Zoe,4200
Baixa,Alta,Seraphine,Rell,10605
Baixa,Alta,Seraphine,Senna,16905
Baixa,Alta,Seraphine,Zoe,4410
Baixa,Alta,Singed,Alistar,465
Baixa,Alta,Singed,Rell,505
Baixa,Alta,Singed,Thresh,1950
Baixa,Alta,Sivir,Braum,8463
Baixa,Alta,Sivir,Karma,28272
Baixa,Alta,Sivir,Leona,9393
Baixa,Alta,Sivir,Lulu,44547
Baixa,Alta,Sivir,Milio,23808
Baixa,Alta,Sivir,Pyke,14694
Baixa,Alta,Sivir,Soraka,22134
Baixa,Alta,Sivir,Taric,3906
Baixa,Alta,Sivir,Thresh,36270
Baixa,Alta,Smolder,Alistar,33108
Baixa,Alta,Smolder,Braum,16198
Baixa,Alta,Smolder,Karma,108224
Baixa,Alta,Smolder,Leona,17978
Baixa,Alta,Smolder,Lux,59808
Baixa,Alta,Smolder,MissFortune,28124
Baixa,Alta,Smolder,Nami,67640
Baixa,Alta,Smolder,Rakan,44856
Baixa,Alta,Smolder,Rell,71912
Baixa,Alta,Smolder,Renata,2136
Baixa,Alta,Smolder,Seraphine,21538
Baixa,Alta,Smolder,Soraka,84728
Baixa,Alta,Smolder,TahmKench,17088
Baixa,Alta,Smolder,Thresh,69420
Baixa,Alta,Smolder,Velkoz,29904
Baixa,Alta,Smolder,Xerath,9256
Baixa,Alta,Smolder,Zilean,6408
Baixa,Alta,Smolder,Zyra,33464
Baixa,Alta,Swain,Xerath,3588
Baixa,Alta,Tristana,Brand,1680
Baixa,Alta,Tristana,Milio,20480
Baixa,Alta,Tristana,Senna,12880
Baixa,Alta,Tristana,Seraphine,9680
Baixa,Alta,Tristana,Soraka,19040
Baixa,Alta,Tristana,Thresh,31200
Baixa,Alta,Tristana,Velkoz,6720
Baixa,Alta,Tristana,Zilean,2880
Baixa,Alta,Twitch,Lulu,40715
Baixa,Alta,Twitch,Nami,32300
Baixa,Alta,Twitch,Pyke,13430
Baixa,Alta,Twitch,Seraphine,10285
Baixa,Alta,Twitch,Sona,7565
Baixa,Alta,Twitch,Yuumi,7990
Baixa,Alta,Varus,Ashe,73242
Baixa,Alta,Varus,Brand,4914
Baixa,Alta,Varus,Hwei,9594
Baixa,Alta,Varus,Janna,28314
Baixa,Alta,Varus,Karma,284544
Baixa,Alta,Varus,Leona,23634
Baixa,Alta,Varus,Nami,266760
Baixa,Alta,Varus,Nautilus,65988
Baixa,Alta,Varus,Pantheon,2106
Baixa,Alta,Varus,Rakan,29484
Baixa,Alta,Varus,Rell,70902
Baixa,Alta,Varus,Senna,37674
Baixa,Alta,Varus,Seraphine,28314
Baixa,Alta,Varus,Thresh,182520
Baixa,Alta,Vayne,Anivia,3288
Baixa,Alta,Vayne,Camille,4932
Baixa,Alta,Vayne,Karma,41648
Baixa,Alta,Vayne,Leona,13837
Baixa,Alta,Vayne,Lulu,65623
Baixa,Alta,Vayne,Pyke,21646
Baixa,Alta,Vayne,Seraphine,33154
Baixa,Alta,Vayne,Soraka,65212
Baixa,Alta,Vayne,TahmKench,26304
Baixa,Alta,Vayne,Thresh,53430
Baixa,Alta,Veigar,Leona,4242
Baixa,Alta,Veigar,Soraka,4998
Baixa,Alta,Xayah,Alistar,14508
Baixa,Alta,Xayah,Bard,8112
Baixa,Alta,Xayah,Braum,14196
Baixa,Alta,Xayah,Lulu,149448
Baixa,Alta,Xayah,Nautilus,87984
Baixa,Alta,Xayah,Rakan,19656
Baixa,Alta,Xayah,Soraka,37128
Baixa,Alta,Xayah,Thresh,182520
Baixa,Alta,Yasuo,Ivern,496
Baixa,Alta,Zeri,Braum,11648
Baixa,Alta,Zeri,Janna,15488
Baixa,Alta,Zeri,Karma,38912
Baixa,Alta,Zeri,Leona,12928
Baixa,Alta,Zeri,Lulu,122624
Baixa,Alta,Zeri,Nami,97280
Baixa,Alta,Zeri,Neeko,3456
Baixa,Alta,Zeri,Pyke,20224
Baixa,Alta,Zeri,Renata,1536
Baixa,Alta,Zeri,Soraka,30464
Baixa,Alta,Zeri,Taric,5376
Baixa,Alta,Zeri,Thresh,49920
Baixa,Alta,Zeri,Xerath,6656
Baixa,Alta,Zeri,Yuumi,12032
Baixa,Alta,Ziggs,Alistar,9021
Baixa,Alta,Ziggs,Hwei,3977
Baixa,Alta,Ziggs,Morgana,2619
Baixa,Alta,Ziggs,Rell,9797
Baixa,Alta,Ziggs,Soraka,23086
Baixa,Alta,Ziggs,TahmKench,9312
Baixa,Alta,Ziggs,Thresh,37830
Baixa,Baixa,Anivia,Alistar,103
Baixa,Baixa,Anivia,Janna,83
Baixa,Baixa,Anivia,Karma,155
Baixa,Baixa,Aphelios,Alistar,8755
Baixa,Baixa,Aphelios,Janna,7055
Baixa,Baixa,Aphelios,Senna,13685
Baixa,Baixa,Aphelios,Velkoz,2890
Baixa,Baixa,Ashe,Braum,83952
Baixa,Baixa,Ashe,Ivern,954
Baixa,Baixa,Ashe,Karma,49290
Baixa,Baixa,Ashe,Lulu,106212
Baixa,Baixa,Ashe,Lux,35616
Baixa,Baixa,Ashe,Milio,92220
Baixa,Baixa,Ashe,Morgana,54060
Baixa,Baixa,Ashe,Nautilus,60420
Baixa,Baixa,Ashe,Poppy,18126
Baixa,Baixa,Ashe,Pyke,20352
Baixa,Baixa,Ashe,Rakan,43566
Baixa,Baixa,Ashe,Rell,76320
Baixa,Baixa,Ashe,Senna,51198
Baixa,Baixa,Ashe,Sona,17490
Baixa,Baixa,Ashe,Soraka,26712
Baixa,Baixa,Ashe,TahmKench,13992
Baixa,Baixa,Ashe,Thresh,144054
Baixa,Baixa,Caitlyn,Blitzcrank,27416
Baixa,Baixa,Caitlyn,Camille,3874
Baixa,Baixa,Caitlyn,Janna,24734
Baixa,Baixa,Caitlyn,Karma,46190
Baixa,Baixa,Caitlyn,Lulu,49766
Baixa,Baixa,Caitlyn,Lux,100128
Baixa,Baixa,Caitlyn,Milio,86420
Baixa,Baixa,Caitlyn,Morgana,25330
Baixa,Baixa,Caitlyn,Nami,44402
Baixa,Baixa,Caitlyn,Nautilus,169860
Baixa,Baixa,Caitlyn,Poppy,16986
Baixa,Baixa,Caitlyn,Pyke,19072
Baixa,Baixa,Caitlyn,Rell,71520
Baixa,Baixa,Caitlyn,Seraphine,31290
Baixa,Baixa,Caitlyn,Sona,32780
Baixa,Baixa,Caitlyn,Thresh,89996
Baixa,Baixa,Caitlyn,Velkoz,10132
Baixa,Baixa,Caitlyn,Xerath,10132
Baixa,Baixa,Caitlyn,Zoe,2980
Baixa,Baixa,Caitlyn,Zyra,33376
Baixa,Baixa,Cassiopeia,Nautilus,1140
Baixa,Baixa,Cassiopeia,Sona,330
Baixa,Baixa,Cassiopeia,Soraka,1008
Baixa,Baixa,Corki,Blitzcrank,5520
Baixa,Baixa,Corki,Braum,7920
Baixa,Baixa,Corki,Karma,18600
Baixa,Baixa,Corki,Nautilus,11400
Baixa,Baixa,Corki,Pyke,3840
Baixa,Baixa,Corki,Renata,4440
Baixa,Baixa,Corki,Senna,9660
Baixa,Baixa,Corki,Soraka,5040
Baixa,Baixa,Corki,Thresh,9060
Baixa,Baixa,Draven,Alistar,10506
Baixa,Baixa,Draven,Braum,26928
Baixa,Baixa,Draven,Karma,15810
Baixa,Baixa,Draven,Lulu,17034
Baixa,Baixa,Draven,Milio,14790
Baixa,Baixa,Draven,Nautilus,19380
Baixa,Baixa,Draven,Rell,12240
Baixa,Baixa,Draven,Swain,7038
Baixa,Baixa,Ezreal,Braum,46068
Baixa,Baixa,Ezreal,Janna,28967
Baixa,Baixa,Ezreal,Karma,54095
Baixa,Baixa,Ezreal,Lulu,116566
Baixa,Baixa,Ezreal,Lux,78176
Baixa,Baixa,Ezreal,Milio,50605
Baixa,Baixa,Ezreal,Morgana,29665
Baixa,Baixa,Ezreal,Nami,156003
Baixa,Baixa,Ezreal,Nautilus,132620
Baixa,Baixa,Ezreal,Pyke,67008
Baixa,Baixa,Ezreal,Rell,83760
Baixa,Baixa,Ezreal,Renata,25826
Baixa,Baixa,Ezreal,Senna,56189
Baixa,Baixa,Ezreal,Seraphine,73290
Baixa,Baixa,Ezreal,Sona,38390
Baixa,Baixa,Ezreal,Soraka,117264
Baixa,Baixa,Ezreal,Thresh,210796
Baixa,Baixa,Ezreal,Velkoz,11866
Baixa,Baixa,Ezreal,Yuumi,13262
Baixa,Baixa,Ezreal,Zilean,12913
Baixa,Baixa,Ezreal,Zyra,19544
Baixa,Baixa,Hwei,Alistar,3811
Baixa,Baixa,Hwei,Karma,5735
Baixa,Baixa,Hwei,Zilean,1369
Baixa,Baixa,Jhin,Alistar,35947
Baixa,Baixa,Jhin,Bard,18497
Baixa,Baixa,Jhin,Blitzcrank,32108
Baixa,Baixa,Jhin,Ivern,1047
Baixa,Baixa,Jhin,Karma,324570
Baixa,Baixa,Jhin,Leona,87250
Baixa,Baixa,Jhin,Lulu,116566
Baixa,Baixa,Jhin,Milio,151815
Baixa,Baixa,Jhin,Nautilus,198930
Baixa,Baixa,Jhin,Poppy,39786
Baixa,Baixa,Jhin,Rakan,47813
Baixa,Baixa,Jhin,Senna,56189
Baixa,Baixa,Jhin,Seraphine,36645
Baixa,Baixa,Jhin,Sona,19195
Baixa,Baixa,Jhin,Soraka,29316
Baixa,Baixa,Jhin,Swain,24081
Baixa,Baixa,Jhin,TahmKench,15356
Baixa,Baixa,Jhin,Taric,4188
Baixa,Baixa,Jhin,Thresh,105398
Baixa,Baixa,Jhin,Zoe,1745
Baixa,Baixa,Jinx,Alistar,98571
Baixa,Baixa,Jinx,Bard,16907
Baixa,Baixa,Jinx,Blitzcrank,29348
Baixa,Baixa,Jinx,Braum,42108
Baixa,Baixa,Jinx,Galio,2552
Baixa,Baixa,Jinx,Janna,105908
Baixa,Baixa,Jinx,Karma,98890
Baixa,Baixa,Jinx,Leona,39875
Baixa,Baixa,Jinx,Lulu,159819
Baixa,Baixa,Jinx,Lux,35728
Baixa,Baixa,Jinx,Milio,185020
Baixa,Baixa,Jinx,Nami,95062
Baixa,Baixa,Jinx,Nautilus,121220
Baixa,Baixa,Jinx,Neeko,9251
Baixa,Baixa,Jinx,Pyke,20416
Baixa,Baixa,Jinx,Rell,76560
Baixa,Baixa,Jinx,Seraphine,100485
Baixa,Baixa,Jinx,Sona,17545
Baixa,Baixa,Jinx,Soraka,160776
Baixa,Baixa,Jinx,Swain,44022
Baixa,Baixa,Jinx,TahmKench,28072
Baixa,Baixa,Jinx,Thresh,289014
Baixa,Baixa,Jinx,Velkoz,10846
Baixa,Baixa,Jinx,Yuumi,12122
Baixa,Baixa,Jinx,Zac,2233
Baixa,Baixa,Jinx,Zyra,17864
Baixa,Baixa,Kaisa,Ashe,197160
Baixa,Baixa,Kaisa,Bard,16430
Baixa,Baixa,Kaisa,Braum,81840
Baixa,Baixa,Kaisa,Hwei,11470
Baixa,Baixa,Kaisa,Karma,240250
Baixa,Baixa,Kaisa,Lulu,207080
Baixa,Baixa,Kaisa,Lux,34720
Baixa,Baixa,Kaisa,Maokai,13330
Baixa,Baixa,Kaisa,Milio,44950
Baixa,Baixa,Kaisa,Nami,138570
Baixa,Baixa,Kaisa,Nautilus,235600
Baixa,Baixa,Kaisa,Poppy,17670
Baixa,Baixa,Kaisa,Pyke,59520
Baixa,Baixa,Kaisa,Rakan,127410
Baixa,Baixa,Kaisa,Rell,111600
Baixa,Baixa,Kaisa,Seraphine,65100
Baixa,Baixa,Kaisa,Shaco,2790
Baixa,Baixa,Kaisa,TahmKench,27280
Baixa,Baixa,Kaisa,Thresh,140430
Baixa,Baixa,Kaisa,Xerath,10540
Baixa,Baixa,Kaisa,Zyra,17360
Baixa,Baixa,Kalista,Leona,22750
Baixa,Baixa,Kalista,Lulu,30394
Baixa,Baixa,Kalista,Nautilus,17290
Baixa,Baixa,Kalista,Rakan,12467
Baixa,Baixa,Kalista,Rell,10920
Baixa,Baixa,Kalista,Renata,6734
Baixa,Baixa,Kalista,Yuumi,3458
Baixa,Baixa,KogMaw,Alistar,6592
Baixa,Baixa,KogMaw,Lulu,10688
Baixa,Baixa,KogMaw,Milio,9280
Baixa,Baixa,KogMaw,Nami,19072
Baixa,Baixa,KogMaw,Rakan,8768
Baixa,Baixa,KogMaw,Soraka,5376
Baixa,Baixa,KogMaw,Thresh,28992
Baixa,Baixa,KogMaw,Yuumi,2432
Baixa,Baixa,Lucian,Alistar,26368
Baixa,Baixa,Lucian,Braum,101376
Baixa,Baixa,Lucian,Hwei,9472
Baixa,Baixa,Lucian,Janna,21248
Baixa,Baixa,Lucian,Karma,119040
Baixa,Baixa,Lucian,Lulu,85504
Baixa,Baixa,Lucian,Milio,111360
Baixa,Baixa,Lucian,Nami,76288
Baixa,Baixa,Lucian,Nautilus,48640
Baixa,Baixa,Lucian,Sona,14080
Baixa,Baixa,Lucian,Soraka,21504
Baixa,Baixa,Lucian,TahmKench,11264
Baixa,Baixa,Lucian,Thresh,77312
Baixa,Baixa,Lucian,Yuumi,9728
Baixa,Baixa,Lux,Lulu,18704
Baixa,Baixa,Lux,Rakan,30688
Baixa,Baixa,Lux,Seraphine,11760
Baixa,Baixa,Lux,Soraka,9408
Baixa,Baixa,Lux,Xerath,3808
Baixa,Baixa,Lux,Ziggs,10864
Baixa,Baixa,MissFortune,Braum,22440
Baixa,Baixa,MissFortune,Karma,26350
Baixa,Baixa,MissFortune,Leona,42500
Baixa,Baixa,MissFortune,Lulu,56780
Baixa,Baixa,MissFortune,Nami,25330
Baixa,Baixa,MissFortune,Nautilus,32300
Baixa,Baixa,MissFortune,Poppy,9690
Baixa,Baixa,MissFortune,Pyke,10880
Baixa,Baixa,MissFortune,Rakan,23290
Baixa,Baixa,MissFortune,Rell,40800
Baixa,Baixa,MissFortune,Shaco,1530
Baixa,Baixa,MissFortune,Thresh,51340
Baixa,Baixa,MissFortune,Zyra,19040
Baixa,Baixa,Nautilus,Senna,30590
Baixa,Baixa,Nilah,Blitzcrank,2300
Baixa,Baixa,Nilah,Janna,2075
Baixa,Baixa,Nilah,Thresh,3775
Baixa,Baixa,Rengar,Ivern,240
Baixa,Baixa,Samira,Alistar,10300
Baixa,Baixa,Samira,Braum,13200
Baixa,Baixa,Samira,Leona,12500
Baixa,Baixa,Samira,Lulu,16700
Baixa,Baixa,Samira,Nami,14900
Baixa,Baixa,Samira,Nautilus,76000
Baixa,Baixa,Samira,Pyke,12800
Baixa,Baixa,Samira,Renata,7400
Baixa,Baixa,Samira,Senna,16100
Baixa,Baixa,Samira,Sona,5500
Baixa,Baixa,Samira,Soraka,8400
Baixa,Baixa,Samira,Thresh,15100
Baixa,Baixa,Samira,Zoe,500
Baixa,Baixa,Seraphine,Rell,12600
Baixa,Baixa,Seraphine,Senna,16905
Baixa,Baixa,Seraphine,Sion,630
Baixa,Baixa,Seraphine,Zoe,525
Baixa,Baixa,Singed,Alistar,515
Baixa,Baixa,Singed,Rell,600
Baixa,Baixa,Singed,Thresh,755
Baixa,Baixa,Sion,Viego,12
Baixa,Baixa,Sivir,Braum,12276
Baixa,Baixa,Sivir,Karma,14415
Baixa,Baixa,Sivir,Leona,11625
Baixa,Baixa,Sivir,Lulu,15531
Baixa,Baixa,Sivir,Milio,13485
Baixa,Baixa,Sivir,Pyke,5952
Baixa,Baixa,Sivir,Soraka,7812
Baixa,Baixa,Sivir,Taric,1116
Baixa,Baixa,Sivir,Thresh,14043
Baixa,Baixa,Smolder,Alistar,36668
Baixa,Baixa,Smolder,Braum,23496
Baixa,Baixa,Smolder,Karma,55180
Baixa,Baixa,Smolder,Leona,22250
Baixa,Baixa,Smolder,Lux,39872
Baixa,Baixa,Smolder,MissFortune,30260
Baixa,Baixa,Smolder,Nami,26522
Baixa,Baixa,Smolder,Rakan,48772
Baixa,Baixa,Smolder,Rell,85440
Baixa,Baixa,Smolder,Renata,13172
Baixa,Baixa,Smolder,Seraphine,18690
Baixa,Baixa,Smolder,Soraka,29904
Baixa,Baixa,Smolder,TahmKench,7832
Baixa,Baixa,Smolder,Thresh,26878
Baixa,Baixa,Smolder,Velkoz,12104
Baixa,Baixa,Smolder,Xerath,6052
Baixa,Baixa,Smolder,Zilean,6586
Baixa,Baixa,Smolder,Zyra,9968
Baixa,Baixa,Swain,Xerath,2346
Baixa,Baixa,Tristana,Brand,2640
Baixa,Baixa,Tristana,Milio,11600
Baixa,Baixa,Tristana,Senna,12880
Baixa,Baixa,Tristana,Seraphine,8400
Baixa,Baixa,Tristana,Soraka,6720
Baixa,Baixa,Tristana,Thresh,12080
Baixa,Baixa,Tristana,Velkoz,2720
Baixa,Baixa,Tristana,Zilean,2960
Baixa,Baixa,Twitch,Lulu,14195
Baixa,Baixa,Twitch,Nami,12665
Baixa,Baixa,Twitch,Pyke,5440
Baixa,Baixa,Twitch,Seraphine,8925
Baixa,Baixa,Twitch,Sona,4675
Baixa,Baixa,Twitch,Yuumi,3230
Baixa,Baixa,Varus,Ashe,74412
Baixa,Baixa,Varus,Brand,7722
Baixa,Baixa,Varus,Hwei,8658
Baixa,Baixa,Varus,Janna,19422
Baixa,Baixa,Varus,Karma,145080
Baixa,Baixa,Varus,Leona,29250
Baixa,Baixa,Varus,Nami,104598
Baixa,Baixa,Varus,Nautilus,44460
Baixa,Baixa,Varus,Pantheon,4446
Baixa,Baixa,Varus,Rakan,32058
Baixa,Baixa,Varus,Rell,84240
Baixa,Baixa,Varus,Senna,37674
Baixa,Baixa,Varus,Seraphine,24570
Baixa,Baixa,Varus,Thresh,70668
Baixa,Baixa,Vayne,Anivia,137
Baixa,Baixa,Vayne,Camille,1781
Baixa,Baixa,Vayne,Karma,21235
Baixa,Baixa,Vayne,Leona,17125
Baixa,Baixa,Vayne,Lulu,22879
Baixa,Baixa,Vayne,Pyke,8768
Baixa,Baixa,Vayne,Seraphine,28770
Baixa,Baixa,Vayne,Soraka,23016
Baixa,Baixa,Vayne,TahmKench,12056
Baixa,Baixa,Vayne,Thresh,20687
Baixa,Baixa,Veigar,Leona,5250
Baixa,Baixa,Veigar,Soraka,1764
Baixa,Baixa,Xayah,Alistar,16068
Baixa,Baixa,Xayah,Bard,8268
Baixa,Baixa,Xayah,Braum,20592
Baixa,Baixa,Xayah,Lulu,52104
Baixa,Baixa,Xayah,Nautilus,59280
Baixa,Baixa,Xayah,Rakan,21372
Baixa,Baixa,Xayah,Soraka,13104
Baixa,Baixa,Xayah,Thresh,70668
Baixa,Baixa,Yasuo,Ivern,48
Baixa,Baixa,Zeri,Braum,16896
Baixa,Baixa,Zeri,Janna,10624
Baixa,Baixa,Zeri,Karma,19840
Baixa,Baixa,Zeri,Leona,16000
Baixa,Baixa,Zeri,Lulu,42752
Baixa,Baixa,Zeri,Nami,38144
Baixa,Baixa,Zeri,Neeko,3712
Baixa,Baixa,Zeri,Pyke,8192
Baixa,Baixa,Zeri,Renata,9472
Baixa,Baixa,Zeri,Soraka,10752
Baixa,Baixa,Zeri,Taric,1536
Baixa,Baixa,Zeri,Thresh,19328
Baixa,Baixa,Zeri,Xerath,4352
Baixa,Baixa,Zeri,Yuumi,4864
Baixa,Baixa,Ziggs,Alistar,9991
Baixa,Baixa,Ziggs,Hwei,3589
Baixa,Baixa,Ziggs,Morgana,8245
Baixa,Baixa,Ziggs,Rell,11640
Baixa,Baixa,Ziggs,Soraka,8148
Baixa,Baixa,Ziggs,TahmKench,4268
Baixa,Baixa,Ziggs,Thresh,14647
