player_champion,player_lane,grupo_maestria,binary_win
Aatrox,BOTTOM,Alta,0.0
Aatrox,JUNGLE,Alta,0.6666666666666666
Aatrox,JUNGLE,Baixa,0.4375
Aatrox,MIDDLE,Alta,0.5555555555555556
Aatrox,MIDDLE,Baixa,0.5
Aatrox,NONE,Alta,0.5303030303030303
Aatrox,NONE,Baixa,0.48
Aatrox,TOP,Alta,0.512280701754386
Aatrox,TOP,Baixa,0.41379310344827586
Ahri,BOTTOM,Alta,0.0
Ahri,BOTTOM,Baixa,0.4
Ahri,JUNGLE,Alta,0.0
Ahri,JUNGLE,Baixa,0.0
Ahri,MIDDLE,Alta,0.5675675675675675
Ahri,MIDDLE,Baixa,0.4612676056338028
Ahri,NONE,Alta,0.6065573770491803
Ahri,NONE,Baixa,0.3793103448275862
Ahri,TOP,Alta,0.5263157894736842
Ahri,TOP,Baixa,0.625
Akali,JUNGLE,Alta,0.375
Akali,JUNGLE,Baixa,0.5
Akali,MIDDLE,Alta,0.5757575757575758
Akali,MIDDLE,Baixa,0.45714285714285713
Akali,NONE,Alta,0.5675675675675675
Akali,NONE,Baixa,0.42857142857142855
Akali,TOP,Alta,0.45454545454545453
Akali,TOP,Baixa,0.42857142857142855
Akshan,BOTTOM,Alta,0.5
Akshan,BOTTOM,Baixa,1.0
Akshan,JUNGLE,Alta,1.0
Akshan,MIDDLE,Alta,0.4444444444444444
Akshan,MIDDLE,Baixa,0.4166666666666667
Akshan,NONE,Alta,0.5454545454545454
Akshan,NONE,Baixa,0.6666666666666666
Akshan,TOP,Alta,0.875
Akshan,TOP,Baixa,0.8
Alistar,BOTTOM,Alta,0.5869565217391305
Alistar,BOTTOM,Baixa,0.4423076923076923
Alistar,JUNGLE,Alta,1.0
Alistar,MIDDLE,Alta,0.6666666666666666
Alistar,MIDDLE,Baixa,0.5
Alistar,NONE,Alta,0.5333333333333333
Alistar,NONE,Baixa,0.53125
Alistar,TOP,Baixa,0.0
Ambessa,JUNGLE,Alta,0.6
Ambessa,JUNGLE,Baixa,0.7058823529411765
Ambessa,MIDDLE,Alta,0.3
Ambessa,MIDDLE,Baixa,0.75
Ambessa,NONE,Alta,0.8181818181818182
Ambessa,NONE,Baixa,0.42857142857142855
Ambessa,TOP,Alta,0.4838709677419355
Ambessa,TOP,Baixa,0.5135135135135135
Amumu,BOTTOM,Alta,0.0
Amumu,BOTTOM,Baixa,0.2
Amumu,JUNGLE,Alta,0.4880952380952381
Amumu,JUNGLE,Baixa,0.41
Amumu,NONE,Alta,0.7142857142857143
Amumu,NONE,Baixa,0.45454545454545453
Amumu,TOP,Baixa,1.0
Anivia,BOTTOM,Alta,0.48
Anivia,JUNGLE,Alta,1.0
Anivia,MIDDLE,Alta,0.5531914893617021
Anivia,MIDDLE,Baixa,0.44
Anivia,NONE,Alta,0.631578947368421
Anivia,NONE,Baixa,0.45454545454545453
Anivia,TOP,Alta,0.6923076923076923
Annie,BOTTOM,Alta,0.6
Annie,BOTTOM,Baixa,0.5555555555555556
Annie,JUNGLE,Alta,0.2857142857142857
Annie,JUNGLE,Baixa,1.0
Annie,MIDDLE,Alta,0.6086956521739131
Annie,MIDDLE,Baixa,0.375
Annie,NONE,Alta,0.3125
Annie,NONE,Baixa,0.5
Annie,TOP,Alta,0.6
Annie,TOP,Baixa,0.75
Aphelios,BOTTOM,Alta,0.5
Aphelios,BOTTOM,Baixa,0.5180722891566265
Aphelios,MIDDLE,Alta,0.42857142857142855
Aphelios,MIDDLE,Baixa,0.5
Aphelios,NONE,Alta,0.45454545454545453
Aphelios,NONE,Baixa,0.38461538461538464
Aphelios,TOP,Alta,0.5
Aphelios,TOP,Baixa,0.0
Ashe,BOTTOM,Alta,0.5278688524590164
Ashe,BOTTOM,Baixa,0.4723926380368098
Ashe,JUNGLE,Alta,0.8333333333333334
Ashe,JUNGLE,Baixa,0.5
Ashe,MIDDLE,Alta,0.36
Ashe,MIDDLE,Baixa,0.625
Ashe,NONE,Alta,0.5633802816901409
Ashe,NONE,Baixa,0.4177215189873418
Ashe,TOP,Alta,0.4444444444444444
Ashe,TOP,Baixa,0.2857142857142857
AurelionSol,BOTTOM,Alta,0.5714285714285714
AurelionSol,BOTTOM,Baixa,0.0
AurelionSol,MIDDLE,Alta,0.5789473684210527
AurelionSol,MIDDLE,Baixa,0.38461538461538464
AurelionSol,NONE,Alta,0.5714285714285714
AurelionSol,NONE,Baixa,0.47058823529411764
AurelionSol,TOP,Alta,0.5
AurelionSol,TOP,Baixa,0.4
Aurora,BOTTOM,Alta,1.0
Aurora,JUNGLE,Alta,0.5
Aurora,JUNGLE,Baixa,0.4666666666666667
Aurora,MIDDLE,Alta,0.46774193548387094
Aurora,MIDDLE,Baixa,0.352112676056338
Aurora,NONE,Alta,0.4090909090909091
Aurora,NONE,Baixa,0.4
Aurora,TOP,Alta,0.4444444444444444
Aurora,TOP,Baixa,0.475
Azir,BOTTOM,Alta,0.0
Azir,MIDDLE,Alta,0.5377358490566038
Azir,MIDDLE,Baixa,0.4625
Azir,NONE,Alta,0.4375
Azir,NONE,Baixa,0.3157894736842105
Azir,TOP,Alta,0.4
Azir,TOP,Baixa,0.5
Bard,BOTTOM,Alta,0.5384615384615384
Bard,BOTTOM,Baixa,0.660377358490566
Bard,MIDDLE,Alta,0.0
Bard,MIDDLE,Baixa,0.5
Bard,NONE,Alta,0.4444444444444444
Bard,NONE,Baixa,0.375
Belveth,BOTTOM,Baixa,0.5
Belveth,JUNGLE,Alta,0.6
Belveth,JUNGLE,Baixa,0.4090909090909091
Belveth,MIDDLE,Baixa,1.0
Belveth,NONE,Alta,0.6363636363636364
Belveth,NONE,Baixa,0.45454545454545453
Blitzcrank,BOTTOM,Alta,0.5833333333333334
Blitzcrank,BOTTOM,Baixa,0.4634146341463415
Blitzcrank,JUNGLE,Baixa,1.0
Blitzcrank,MIDDLE,Alta,0.4
Blitzcrank,MIDDLE,Baixa,0.5714285714285714
Blitzcrank,NONE,Alta,0.46153846153846156
Blitzcrank,NONE,Baixa,0.4375
Blitzcrank,TOP,Alta,1.0
Blitzcrank,TOP,Baixa,0.0
Brand,BOTTOM,Alta,0.5416666666666666
Brand,BOTTOM,Baixa,0.36666666666666664
Brand,JUNGLE,Alta,0.5526315789473685
Brand,JUNGLE,Baixa,0.42857142857142855
Brand,MIDDLE,Alta,0.5333333333333333
Brand,MIDDLE,Baixa,0.4444444444444444
Brand,NONE,Alta,0.6923076923076923
Brand,NONE,Baixa,0.5517241379310345
Brand,TOP,Alta,1.0
Brand,TOP,Baixa,0.6666666666666666
Braum,BOTTOM,Alta,0.6172839506172839
Braum,BOTTOM,Baixa,0.49295774647887325
Braum,JUNGLE,Alta,0.3333333333333333
Braum,JUNGLE,Baixa,0.6666666666666666
Braum,MIDDLE,Alta,0.5
Braum,MIDDLE,Baixa,0.375
Braum,NONE,Alta,0.5555555555555556
Braum,NONE,Baixa,0.4074074074074074
Braum,TOP,Alta,1.0
Braum,TOP,Baixa,1.0
Briar,BOTTOM,Alta,0.0
Briar,BOTTOM,Baixa,0.0
Briar,JUNGLE,Alta,0.5370370370370371
Briar,JUNGLE,Baixa,0.35714285714285715
Briar,NONE,Alta,0.3
Briar,NONE,Baixa,0.5
Caitlyn,BOTTOM,Alta,0.5339233038348082
Caitlyn,BOTTOM,Baixa,0.4557377049180328
Caitlyn,JUNGLE,Alta,0.5
Caitlyn,JUNGLE,Baixa,0.75
Caitlyn,MIDDLE,Alta,0.6086956521739131
Caitlyn,MIDDLE,Baixa,0.5416666666666666
Caitlyn,NONE,Alta,0.5131578947368421
Caitlyn,NONE,Baixa,0.3492063492063492
Caitlyn,TOP,Alta,0.6666666666666666
Caitlyn,TOP,Baixa,0.6
Camille,BOTTOM,Alta,0.5405405405405406
Camille,BOTTOM,Baixa,0.8333333333333334
Camille,JUNGLE,Alta,0.41379310344827586
Camille,JUNGLE,Baixa,0.375
Camille,MIDDLE,Alta,0.46153846153846156
Camille,MIDDLE,Baixa,0.8888888888888888
Camille,NONE,Alta,0.5833333333333334
Camille,NONE,Baixa,0.42105263157894735
Camille,TOP,Alta,0.5
Camille,TOP,Baixa,0.4888888888888889
Cassiopeia,BOTTOM,Alta,0.3333333333333333
Cassiopeia,BOTTOM,Baixa,0.3333333333333333
Cassiopeia,JUNGLE,Alta,0.16666666666666666
Cassiopeia,JUNGLE,Baixa,0.6666666666666666
Cassiopeia,MIDDLE,Alta,0.6086956521739131
Cassiopeia,MIDDLE,Baixa,0.5161290322580645
Cassiopeia,NONE,Alta,0.45454545454545453
Cassiopeia,NONE,Baixa,0.6666666666666666
Cassiopeia,TOP,Alta,0.46875
Cassiopeia,TOP,Baixa,0.3333333333333333
Chogath,BOTTOM,Baixa,0.6
Chogath,JUNGLE,Alta,0.5714285714285714
Chogath,JUNGLE,Baixa,0.7272727272727273
Chogath,MIDDLE,Alta,1.0
Chogath,MIDDLE,Baixa,0.42857142857142855
Chogath,NONE,Alta,0.3333333333333333
Chogath,NONE,Baixa,0.2727272727272727
Chogath,TOP,Alta,1.0
Chogath,TOP,Baixa,0.4807692307692308
Corki,BOTTOM,Alta,0.5333333333333333
Corki,BOTTOM,Baixa,0.4074074074074074
Corki,JUNGLE,Alta,1.0
Corki,JUNGLE,Baixa,0.0
Corki,MIDDLE,Alta,0.3611111111111111
Corki,MIDDLE,Baixa,0.4473684210526316
Corki,NONE,Alta,0.55
Corki,NONE,Baixa,0.43333333333333335
Corki,TOP,Alta,0.46153846153846156
Corki,TOP,Baixa,0.4
Darius,BOTTOM,Alta,0.0
Darius,BOTTOM,Baixa,0.0
Darius,JUNGLE,Alta,0.5882352941176471
Darius,JUNGLE,Baixa,0.3333333333333333
Darius,MIDDLE,Alta,0.6153846153846154
Darius,MIDDLE,Baixa,0.5454545454545454
Darius,NONE,Alta,0.5535714285714286
Darius,NONE,Baixa,0.5789473684210527
Darius,TOP,Alta,0.48366013071895425
Darius,TOP,Baixa,0.4166666666666667
Diana,BOTTOM,Alta,0.6666666666666666
Diana,JUNGLE,Alta,0.5344827586206896
Diana,JUNGLE,Baixa,0.5185185185185185
Diana,MIDDLE,Alta,0.4811320754716981
Diana,MIDDLE,Baixa,0.3181818181818182
Diana,NONE,Alta,0.52
Diana,NONE,Baixa,0.4117647058823529
Diana,TOP,Alta,0.5555555555555556
Diana,TOP,Baixa,0.25
DrMundo,BOTTOM,Alta,1.0
DrMundo,BOTTOM,Baixa,0.6666666666666666
DrMundo,JUNGLE,Alta,0.45
DrMundo,JUNGLE,Baixa,0.7777777777777778
DrMundo,MIDDLE,Alta,0.0
DrMundo,MIDDLE,Baixa,0.0
DrMundo,NONE,Alta,0.43243243243243246
DrMundo,NONE,Baixa,0.25
DrMundo,TOP,Alta,0.5773195876288659
DrMundo,TOP,Baixa,0.4782608695652174
Draven,BOTTOM,Alta,0.4971751412429379
Draven,BOTTOM,Baixa,0.5729166666666666
Draven,JUNGLE,Alta,0.9090909090909091
Draven,JUNGLE,Baixa,0.6666666666666666
Draven,MIDDLE,Alta,0.5185185185185185
Draven,MIDDLE,Baixa,0.375
Draven,NONE,Alta,0.5230769230769231
Draven,NONE,Baixa,0.25
Draven,TOP,Alta,0.2727272727272727
Draven,TOP,Baixa,0.75
Ekko,BOTTOM,Baixa,1.0
Ekko,JUNGLE,Alta,0.5698924731182796
Ekko,JUNGLE,Baixa,0.44594594594594594
Ekko,MIDDLE,Alta,0.3333333333333333
Ekko,MIDDLE,Baixa,0.4074074074074074
Ekko,NONE,Alta,0.6875
Ekko,NONE,Baixa,0.48
Ekko,TOP,Alta,0.5
Ekko,TOP,Baixa,0.0
Elise,BOTTOM,Baixa,1.0
Elise,JUNGLE,Alta,0.5263157894736842
Elise,JUNGLE,Baixa,0.4583333333333333
Elise,MIDDLE,Baixa,1.0
Elise,NONE,Alta,0.56
Elise,NONE,Baixa,0.42857142857142855
Elise,TOP,Alta,0.0
Evelynn,JUNGLE,Alta,0.5227272727272727
Evelynn,JUNGLE,Baixa,0.6111111111111112
Evelynn,NONE,Alta,0.47058823529411764
Evelynn,NONE,Baixa,0.25
Ezreal,BOTTOM,Alta,0.4976190476190476
Ezreal,BOTTOM,Baixa,0.4
Ezreal,JUNGLE,Alta,0.7777777777777778
Ezreal,JUNGLE,Baixa,0.125
Ezreal,MIDDLE,Alta,0.45614035087719296
Ezreal,MIDDLE,Baixa,0.4482758620689655
Ezreal,NONE,Alta,0.5567010309278351
Ezreal,NONE,Baixa,0.4868421052631579
Ezreal,TOP,Alta,0.5
Ezreal,TOP,Baixa,0.3333333333333333
FiddleSticks,BOTTOM,Baixa,0.16666666666666666
FiddleSticks,JUNGLE,Alta,0.5967741935483871
FiddleSticks,JUNGLE,Baixa,0.46511627906976744
FiddleSticks,MIDDLE,Baixa,0.0
FiddleSticks,NONE,Alta,0.5555555555555556
FiddleSticks,NONE,Baixa,0.3333333333333333
FiddleSticks,TOP,Baixa,1.0
Fiora,JUNGLE,Alta,0.6363636363636364
Fiora,JUNGLE,Baixa,0.5
Fiora,MIDDLE,Alta,0.6666666666666666
Fiora,MIDDLE,Baixa,0.5
Fiora,NONE,Alta,0.6
Fiora,NONE,Baixa,0.5384615384615384
Fiora,TOP,Alta,0.5172413793103449
Fiora,TOP,Baixa,0.4393939393939394
Fizz,BOTTOM,Baixa,1.0
Fizz,JUNGLE,Alta,1.0
Fizz,JUNGLE,Baixa,1.0
Fizz,MIDDLE,Alta,0.44680851063829785
Fizz,MIDDLE,Baixa,0.5652173913043478
Fizz,NONE,Alta,0.6923076923076923
Fizz,NONE,Baixa,0.8
Fizz,TOP,Alta,0.75
Fizz,TOP,Baixa,0.5
Galio,BOTTOM,Alta,0.875
Galio,BOTTOM,Baixa,0.8
Galio,JUNGLE,Baixa,0.0
Galio,MIDDLE,Alta,0.6
Galio,MIDDLE,Baixa,0.5142857142857142
Galio,NONE,Alta,0.3333333333333333
Galio,NONE,Baixa,0.29411764705882354
Galio,TOP,Alta,0.0
Galio,TOP,Baixa,0.4166666666666667
Gangplank,BOTTOM,Alta,1.0
Gangplank,JUNGLE,Alta,0.5
Gangplank,JUNGLE,Baixa,0.6666666666666666
Gangplank,MIDDLE,Alta,0.42857142857142855
Gangplank,MIDDLE,Baixa,0.0
Gangplank,NONE,Alta,0.5357142857142857
Gangplank,NONE,Baixa,0.16666666666666666
Gangplank,TOP,Alta,0.512396694214876
Gangplank,TOP,Baixa,0.3902439024390244
Garen,BOTTOM,Baixa,0.3333333333333333
Garen,JUNGLE,Alta,0.875
Garen,JUNGLE,Baixa,0.6
Garen,MIDDLE,Alta,0.25
Garen,MIDDLE,Baixa,0.375
Garen,NONE,Alta,0.5454545454545454
Garen,NONE,Baixa,0.36363636363636365
Garen,TOP,Alta,0.5789473684210527
Garen,TOP,Baixa,0.4716981132075472
Gnar,BOTTOM,Baixa,1.0
Gnar,JUNGLE,Alta,0.6190476190476191
Gnar,JUNGLE,Baixa,0.36363636363636365
Gnar,MIDDLE,Alta,0.6666666666666666
Gnar,MIDDLE,Baixa,0.25
Gnar,NONE,Alta,0.6363636363636364
Gnar,NONE,Baixa,0.4166666666666667
Gnar,TOP,Alta,0.5
Gnar,TOP,Baixa,0.4772727272727273
Gragas,BOTTOM,Alta,0.6
Gragas,BOTTOM,Baixa,1.0
Gragas,JUNGLE,Alta,0.5125
Gragas,JUNGLE,Baixa,0.4270833333333333
Gragas,MIDDLE,Alta,0.4
Gragas,MIDDLE,Baixa,0.42857142857142855
Gragas,NONE,Alta,0.4383561643835616
Gragas,NONE,Baixa,0.4594594594594595
Gragas,TOP,Alta,0.5113636363636364
Gragas,TOP,Baixa,0.42857142857142855
Graves,BOTTOM,Baixa,0.0
Graves,JUNGLE,Alta,0.5161290322580645
Graves,JUNGLE,Baixa,0.47333333333333333
Graves,MIDDLE,Baixa,0.5
Graves,NONE,Alta,0.4
Graves,NONE,Baixa,0.45454545454545453
Graves,TOP,Alta,0.0
Graves,TOP,Baixa,0.5
Gwen,JUNGLE,Alta,0.4878048780487805
Gwen,JUNGLE,Baixa,0.53125
Gwen,MIDDLE,Alta,1.0
Gwen,MIDDLE,Baixa,0.5454545454545454
Gwen,NONE,Alta,0.6842105263157895
Gwen,NONE,Baixa,0.42857142857142855
Gwen,TOP,Alta,0.6216216216216216
Gwen,TOP,Baixa,0.4642857142857143
Hecarim,JUNGLE,Alta,0.42857142857142855
Hecarim,JUNGLE,Baixa,0.5256410256410257
Hecarim,NONE,Alta,0.75
Hecarim,NONE,Baixa,0.6153846153846154
Heimerdinger,BOTTOM,Baixa,0.6666666666666666
Heimerdinger,JUNGLE,Baixa,0.3333333333333333
Heimerdinger,MIDDLE,Baixa,0.6666666666666666
Heimerdinger,TOP,Baixa,0.38461538461538464
Hwei,BOTTOM,Alta,0.41935483870967744
Hwei,BOTTOM,Baixa,0.6875
Hwei,JUNGLE,Alta,1.0
Hwei,JUNGLE,Baixa,1.0
Hwei,MIDDLE,Alta,0.5721649484536082
Hwei,MIDDLE,Baixa,0.4429530201342282
Hwei,NONE,Alta,0.6153846153846154
Hwei,NONE,Baixa,0.45714285714285713
Hwei,TOP,Alta,0.47619047619047616
Hwei,TOP,Baixa,0.8
Illaoi,JUNGLE,Alta,1.0
Illaoi,JUNGLE,Baixa,0.7142857142857143
Illaoi,MIDDLE,Alta,0.5
Illaoi,MIDDLE,Baixa,0.4
Illaoi,NONE,Alta,0.25
Illaoi,NONE,Baixa,0.3333333333333333
Illaoi,TOP,Alta,0.35714285714285715
Illaoi,TOP,Baixa,0.5555555555555556
Irelia,BOTTOM,Alta,1.0
Irelia,BOTTOM,Baixa,0.0
Irelia,JUNGLE,Alta,0.42857142857142855
Irelia,JUNGLE,Baixa,0.6666666666666666
Irelia,MIDDLE,Alta,0.5208333333333334
Irelia,MIDDLE,Baixa,0.3076923076923077
Irelia,NONE,Alta,0.631578947368421
Irelia,NONE,Baixa,0.5
Irelia,TOP,Alta,0.49056603773584906
Irelia,TOP,Baixa,0.4067796610169492
Ivern,BOTTOM,Alta,0.53125
Ivern,BOTTOM,Baixa,0.5
Ivern,JUNGLE,Alta,0.6039603960396039
Ivern,JUNGLE,Baixa,0.5416666666666666
Ivern,MIDDLE,Alta,1.0
Ivern,MIDDLE,Baixa,1.0
Ivern,NONE,Alta,0.4857142857142857
Ivern,NONE,Baixa,0.6
Ivern,TOP,Alta,0.0
Janna,BOTTOM,Alta,0.5596330275229358
Janna,BOTTOM,Baixa,0.4631578947368421
Janna,JUNGLE,Alta,0.0
Janna,JUNGLE,Baixa,0.0
Janna,MIDDLE,Alta,0.5
Janna,MIDDLE,Baixa,0.6
Janna,NONE,Alta,0.48148148148148145
Janna,NONE,Baixa,0.5333333333333333
Janna,TOP,Alta,1.0
Janna,TOP,Baixa,1.0
JarvanIV,BOTTOM,Alta,0.5
JarvanIV,BOTTOM,Baixa,0.0
JarvanIV,JUNGLE,Alta,0.45
JarvanIV,JUNGLE,Baixa,0.49295774647887325
JarvanIV,MIDDLE,Alta,0.6
JarvanIV,MIDDLE,Baixa,1.0
JarvanIV,NONE,Alta,0.36363636363636365
JarvanIV,NONE,Baixa,0.2222222222222222
JarvanIV,TOP,Baixa,0.5
Jax,BOTTOM,Alta,1.0
Jax,BOTTOM,Baixa,0.0
Jax,JUNGLE,Alta,0.6666666666666666
Jax,JUNGLE,Baixa,0.44285714285714284
Jax,MIDDLE,Alta,0.7
Jax,MIDDLE,Baixa,0.4
Jax,NONE,Alta,0.5
Jax,NONE,Baixa,0.48717948717948717
Jax,TOP,Alta,0.5591397849462365
Jax,TOP,Baixa,0.45794392523364486
Jayce,JUNGLE,Alta,0.5555555555555556
Jayce,JUNGLE,Baixa,0.5625
Jayce,MIDDLE,Alta,0.4666666666666667
Jayce,MIDDLE,Baixa,0.5094339622641509
Jayce,NONE,Alta,0.4
Jayce,NONE,Baixa,0.4782608695652174
Jayce,TOP,Alta,0.5686274509803921
Jayce,TOP,Baixa,0.4810126582278481
Jhin,BOTTOM,Alta,0.5431818181818182
Jhin,BOTTOM,Baixa,0.4896755162241888
Jhin,JUNGLE,Alta,0.8461538461538461
Jhin,JUNGLE,Baixa,0.5
Jhin,MIDDLE,Alta,0.4838709677419355
Jhin,MIDDLE,Baixa,0.5416666666666666
Jhin,NONE,Alta,0.5480769230769231
Jhin,NONE,Baixa,0.4230769230769231
Jhin,TOP,Alta,0.8235294117647058
Jhin,TOP,Baixa,0.42857142857142855
Jinx,BOTTOM,Alta,0.5460992907801419
Jinx,BOTTOM,Baixa,0.4748427672955975
Jinx,JUNGLE,Alta,0.45454545454545453
Jinx,JUNGLE,Baixa,0.25
Jinx,MIDDLE,Alta,0.53125
Jinx,MIDDLE,Baixa,0.5
Jinx,NONE,Alta,0.4732824427480916
Jinx,NONE,Baixa,0.4838709677419355
Jinx,TOP,Alta,0.7857142857142857
Jinx,TOP,Baixa,0.5555555555555556
KSante,BOTTOM,Baixa,1.0
KSante,JUNGLE,Alta,0.75
KSante,JUNGLE,Baixa,0.2727272727272727
KSante,MIDDLE,Alta,0.0
KSante,MIDDLE,Baixa,0.5714285714285714
KSante,NONE,Alta,0.47058823529411764
KSante,NONE,Baixa,0.25
KSante,TOP,Alta,0.5531914893617021
KSante,TOP,Baixa,0.4
Kaisa,BOTTOM,Alta,0.5293132328308208
Kaisa,BOTTOM,Baixa,0.44256756756756754
Kaisa,JUNGLE,Alta,0.5
Kaisa,JUNGLE,Baixa,0.3333333333333333
Kaisa,MIDDLE,Alta,0.4888888888888889
Kaisa,MIDDLE,Baixa,0.5652173913043478
Kaisa,NONE,Alta,0.546875
Kaisa,NONE,Baixa,0.48484848484848486
Kaisa,TOP,Alta,0.4444444444444444
Kaisa,TOP,Baixa,0.375
Kalista,BOTTOM,Alta,0.58
Kalista,BOTTOM,Baixa,0.4111111111111111
Kalista,JUNGLE,Alta,0.3333333333333333
Kalista,JUNGLE,Baixa,0.75
Kalista,MIDDLE,Baixa,0.5
Kalista,NONE,Alta,0.8
Kalista,NONE,Baixa,0.42857142857142855
Kalista,TOP,Alta,0.0
Kalista,TOP,Baixa,0.0
Karma,BOTTOM,Alta,0.5067567567567568
Karma,BOTTOM,Baixa,0.5153374233128835
Karma,JUNGLE,Alta,0.6666666666666666
Karma,JUNGLE,Baixa,0.3333333333333333
Karma,MIDDLE,Alta,0.46153846153846156
Karma,MIDDLE,Baixa,0.6428571428571429
Karma,NONE,Alta,0.5606060606060606
Karma,NONE,Baixa,0.4418604651162791
Karma,TOP,Alta,0.45454545454545453
Karma,TOP,Baixa,0.2222222222222222
Karthus,BOTTOM,Alta,0.4
Karthus,BOTTOM,Baixa,0.25
Karthus,JUNGLE,Alta,0.4954954954954955
Karthus,JUNGLE,Baixa,0.4050632911392405
Karthus,MIDDLE,Alta,0.3333333333333333
Karthus,NONE,Alta,0.7916666666666666
Karthus,NONE,Baixa,0.6666666666666666
Karthus,TOP,Baixa,0.5
Kassadin,MIDDLE,Alta,0.6176470588235294
Kassadin,MIDDLE,Baixa,0.5084745762711864
Kassadin,NONE,Alta,0.5294117647058824
Kassadin,NONE,Baixa,0.1111111111111111
Kassadin,TOP,Alta,0.5714285714285714
Kassadin,TOP,Baixa,0.3333333333333333
Katarina,BOTTOM,Alta,0.42857142857142855
Katarina,JUNGLE,Alta,0.0
Katarina,MIDDLE,Alta,0.41935483870967744
Katarina,MIDDLE,Baixa,0.28205128205128205
Katarina,NONE,Alta,0.4782608695652174
Katarina,NONE,Baixa,0.5454545454545454
Katarina,TOP,Alta,0.2916666666666667
Katarina,TOP,Baixa,1.0
Kayle,JUNGLE,Alta,0.5
Kayle,JUNGLE,Baixa,0.8
Kayle,MIDDLE,Alta,0.16666666666666666
Kayle,MIDDLE,Baixa,0.2857142857142857
Kayle,NONE,Alta,0.5454545454545454
Kayle,NONE,Baixa,0.5714285714285714
Kayle,TOP,Alta,0.47058823529411764
Kayle,TOP,Baixa,0.5526315789473685
Kayn,BOTTOM,Alta,0.0
Kayn,BOTTOM,Baixa,0.0
Kayn,JUNGLE,Alta,0.5175438596491229
Kayn,JUNGLE,Baixa,0.4056603773584906
Kayn,MIDDLE,Baixa,1.0
Kayn,NONE,Alta,0.5217391304347826
Kayn,NONE,Baixa,0.15789473684210525
Kayn,TOP,Baixa,0.0
Kennen,BOTTOM,Baixa,0.0
Kennen,JUNGLE,Baixa,0.5555555555555556
Kennen,MIDDLE,Baixa,0.6666666666666666
Kennen,NONE,Baixa,0.47058823529411764
Kennen,TOP,Baixa,0.5121951219512195
Khazix,JUNGLE,Alta,0.4696969696969697
Khazix,JUNGLE,Baixa,0.5058823529411764
Khazix,NONE,Alta,0.5333333333333333
Khazix,NONE,Baixa,0.5384615384615384
Khazix,TOP,Alta,1.0
Khazix,TOP,Baixa,0.0
Kindred,BOTTOM,Alta,1.0
Kindred,JUNGLE,Alta,0.5416666666666666
Kindred,JUNGLE,Baixa,0.39436619718309857
Kindred,NONE,Alta,0.6666666666666666
Kindred,NONE,Baixa,0.25
Kindred,TOP,Alta,1.0
Kled,JUNGLE,Alta,0.25
Kled,JUNGLE,Baixa,0.0
Kled,MIDDLE,Alta,0.75
Kled,NONE,Alta,0.75
Kled,NONE,Baixa,0.375
Kled,TOP,Alta,0.7777777777777778
Kled,TOP,Baixa,0.42857142857142855
KogMaw,BOTTOM,Alta,0.5535714285714286
KogMaw,BOTTOM,Baixa,0.484375
KogMaw,JUNGLE,Alta,1.0
KogMaw,MIDDLE,Alta,0.8333333333333334
KogMaw,MIDDLE,Baixa,0.7777777777777778
KogMaw,NONE,Alta,0.5882352941176471
KogMaw,NONE,Baixa,0.5
KogMaw,TOP,Alta,0.0
KogMaw,TOP,Baixa,0.7142857142857143
Leblanc,BOTTOM,Alta,0.0
Leblanc,BOTTOM,Baixa,0.5
Leblanc,JUNGLE,Alta,1.0
Leblanc,JUNGLE,Baixa,0.25
Leblanc,MIDDLE,Alta,0.4835164835164835
Leblanc,MIDDLE,Baixa,0.5285714285714286
Leblanc,NONE,Alta,0.5454545454545454
Leblanc,NONE,Baixa,0.59375
Leblanc,TOP,Alta,0.4166666666666667
Leblanc,TOP,Baixa,0.125
LeeSin,BOTTOM,Alta,0.3333333333333333
LeeSin,BOTTOM,Baixa,0.6666666666666666
LeeSin,JUNGLE,Alta,0.4975609756097561
LeeSin,JUNGLE,Baixa,0.373015873015873
LeeSin,MIDDLE,Alta,0.25
LeeSin,MIDDLE,Baixa,1.0
LeeSin,NONE,Alta,0.6538461538461539
LeeSin,NONE,Baixa,0.5714285714285714
LeeSin,TOP,Alta,0.36363636363636365
LeeSin,TOP,Baixa,0.5
Leona,BOTTOM,Alta,0.5698924731182796
Leona,BOTTOM,Baixa,0.47368421052631576
Leona,JUNGLE,Baixa,0.5
Leona,MIDDLE,Alta,0.4444444444444444
Leona,MIDDLE,Baixa,0.375
Leona,NONE,Alta,0.4444444444444444
Leona,NONE,Baixa,0.52
Leona,TOP,Alta,1.0
Leona,TOP,Baixa,0.0
Lillia,BOTTOM,Alta,1.0
Lillia,JUNGLE,Alta,0.5476190476190477
Lillia,JUNGLE,Baixa,0.4424778761061947
Lillia,NONE,Alta,0.25
Lillia,NONE,Baixa,0.5238095238095238
Lillia,TOP,Baixa,0.3333333333333333
Lissandra,BOTTOM,Alta,0.5384615384615384
Lissandra,BOTTOM,Baixa,0.0
Lissandra,JUNGLE,Alta,0.47058823529411764
Lissandra,JUNGLE,Baixa,1.0
Lissandra,MIDDLE,Alta,0.5609756097560976
Lissandra,MIDDLE,Baixa,0.5287356321839081
Lissandra,NONE,Alta,0.7058823529411765
Lissandra,NONE,Baixa,0.3333333333333333
Lissandra,TOP,Alta,0.45454545454545453
Lissandra,TOP,Baixa,0.5
Lucian,BOTTOM,Alta,0.5707547169811321
Lucian,BOTTOM,Baixa,0.4674329501915709
Lucian,JUNGLE,Alta,0.6666666666666666
Lucian,JUNGLE,Baixa,0.0
Lucian,MIDDLE,Alta,0.5
Lucian,MIDDLE,Baixa,0.4318181818181818
Lucian,NONE,Alta,0.5681818181818182
Lucian,NONE,Baixa,0.3898305084745763
Lucian,TOP,Alta,0.6666666666666666
Lucian,TOP,Baixa,0.5833333333333334
Lulu,BOTTOM,Alta,0.5322245322245323
Lulu,BOTTOM,Baixa,0.509090909090909
Lulu,JUNGLE,Alta,0.5
Lulu,JUNGLE,Baixa,0.5
Lulu,MIDDLE,Alta,0.52
Lulu,MIDDLE,Baixa,0.625
Lulu,NONE,Alta,0.5740740740740741
Lulu,NONE,Baixa,0.5833333333333334
Lulu,TOP,Alta,0.5
Lulu,TOP,Baixa,1.0
Lux,BOTTOM,Alta,0.5274725274725275
Lux,BOTTOM,Baixa,0.3877551020408163
Lux,JUNGLE,Alta,0.6
Lux,JUNGLE,Baixa,1.0
Lux,MIDDLE,Alta,0.5158730158730159
Lux,MIDDLE,Baixa,0.4634146341463415
Lux,NONE,Alta,0.6190476190476191
Lux,NONE,Baixa,0.4807692307692308
Lux,TOP,Alta,0.6666666666666666
Lux,TOP,Baixa,0.4166666666666667
Malphite,BOTTOM,Baixa,0.5
Malphite,JUNGLE,Alta,0.0
Malphite,JUNGLE,Baixa,0.5714285714285714
Malphite,MIDDLE,Alta,0.42857142857142855
Malphite,MIDDLE,Baixa,0.3939393939393939
Malphite,NONE,Alta,0.6
Malphite,NONE,Baixa,0.5263157894736842
Malphite,TOP,Alta,0.6206896551724138
Malphite,TOP,Baixa,0.5339805825242718
Malzahar,BOTTOM,Baixa,1.0
Malzahar,JUNGLE,Baixa,1.0
Malzahar,MIDDLE,Alta,0.5909090909090909
Malzahar,MIDDLE,Baixa,0.5068493150684932
Malzahar,NONE,Alta,0.5454545454545454
Malzahar,NONE,Baixa,0.5
Malzahar,TOP,Alta,0.8571428571428571
Malzahar,TOP,Baixa,0.42857142857142855
Maokai,BOTTOM,Alta,0.6666666666666666
Maokai,BOTTOM,Baixa,0.5
Maokai,JUNGLE,Alta,0.38095238095238093
Maokai,JUNGLE,Baixa,0.2692307692307692
Maokai,MIDDLE,Alta,1.0
Maokai,MIDDLE,Baixa,1.0
Maokai,NONE,Alta,0.2
Maokai,NONE,Baixa,0.5925925925925926
Maokai,TOP,Alta,0.5882352941176471
Maokai,TOP,Baixa,0.54
MasterYi,BOTTOM,Alta,1.0
MasterYi,BOTTOM,Baixa,0.0
MasterYi,JUNGLE,Alta,0.6033057851239669
MasterYi,JUNGLE,Baixa,0.4230769230769231
MasterYi,NONE,Alta,0.625
MasterYi,NONE,Baixa,0.6666666666666666
MasterYi,TOP,Alta,0.5
MasterYi,TOP,Baixa,0.0
Milio,BOTTOM,Alta,0.5787234042553191
Milio,BOTTOM,Baixa,0.4939759036144578
Milio,JUNGLE,Alta,1.0
Milio,JUNGLE,Baixa,0.5
Milio,MIDDLE,Alta,0.625
Milio,MIDDLE,Baixa,0.3333333333333333
Milio,NONE,Alta,0.4
Milio,NONE,Baixa,0.32142857142857145
Milio,TOP,Alta,1.0
Milio,TOP,Baixa,0.0
MissFortune,BOTTOM,Alta,0.5668789808917197
MissFortune,BOTTOM,Baixa,0.43859649122807015
MissFortune,JUNGLE,Alta,0.5
MissFortune,JUNGLE,Baixa,0.6666666666666666
MissFortune,MIDDLE,Alta,0.5882352941176471
MissFortune,MIDDLE,Baixa,0.8333333333333334
MissFortune,NONE,Alta,0.627906976744186
MissFortune,NONE,Baixa,0.5333333333333333
MissFortune,TOP,Alta,0.2
MissFortune,TOP,Baixa,1.0
MonkeyKing,JUNGLE,Alta,0.40298507462686567
MonkeyKing,JUNGLE,Baixa,0.5543478260869565
MonkeyKing,MIDDLE,Alta,0.5
MonkeyKing,MIDDLE,Baixa,0.75
MonkeyKing,NONE,Alta,0.28
MonkeyKing,NONE,Baixa,0.6
MonkeyKing,TOP,Alta,0.5581395348837209
MonkeyKing,TOP,Baixa,0.5217391304347826
Mordekaiser,JUNGLE,Alta,0.5
Mordekaiser,JUNGLE,Baixa,0.2916666666666667
Mordekaiser,MIDDLE,Alta,0.3333333333333333
Mordekaiser,MIDDLE,Baixa,0.42857142857142855
Mordekaiser,NONE,Alta,0.5789473684210527
Mordekaiser,NONE,Baixa,0.3055555555555556
Mordekaiser,TOP,Alta,0.4634146341463415
Mordekaiser,TOP,Baixa,0.4270833333333333
Morgana,BOTTOM,Alta,0.2222222222222222
Morgana,BOTTOM,Baixa,0.46808510638297873
Morgana,JUNGLE,Alta,0.3333333333333333
Morgana,JUNGLE,Baixa,0.47058823529411764
Morgana,MIDDLE,Alta,0.4
Morgana,MIDDLE,Baixa,0.6666666666666666
Morgana,NONE,Alta,0.6
Morgana,NONE,Baixa,0.45454545454545453
Morgana,TOP,Alta,1.0
Morgana,TOP,Baixa,0.25
Naafiri,BOTTOM,Baixa,0.0
Naafiri,JUNGLE,Alta,0.0
Naafiri,JUNGLE,Baixa,0.5
Naafiri,MIDDLE,Alta,0.6666666666666666
Naafiri,MIDDLE,Baixa,0.3870967741935484
Naafiri,NONE,Alta,0.0
Naafiri,NONE,Baixa,0.4
Naafiri,TOP,Alta,0.5
Naafiri,TOP,Baixa,0.16666666666666666
Nami,BOTTOM,Alta,0.5472222222222223
Nami,BOTTOM,Baixa,0.4970414201183432
Nami,JUNGLE,Baixa,0.0
Nami,MIDDLE,Alta,0.631578947368421
Nami,MIDDLE,Baixa,0.6666666666666666
Nami,NONE,Alta,0.5694444444444444
Nami,NONE,Baixa,0.391304347826087
Nami,TOP,Alta,0.14285714285714285
Nami,TOP,Baixa,0.4
Nasus,BOTTOM,Baixa,0.75
Nasus,JUNGLE,Alta,0.7333333333333333
Nasus,JUNGLE,Baixa,0.2857142857142857
Nasus,MIDDLE,Alta,1.0
Nasus,MIDDLE,Baixa,0.3
Nasus,NONE,Alta,0.3333333333333333
Nasus,NONE,Baixa,0.6190476190476191
Nasus,TOP,Alta,0.6451612903225806
Nasus,TOP,Baixa,0.5333333333333333
Nautilus,BOTTOM,Alta,0.5376344086021505
Nautilus,BOTTOM,Baixa,0.48704663212435234
Nautilus,JUNGLE,Alta,0.7
Nautilus,JUNGLE,Baixa,0.0
Nautilus,MIDDLE,Alta,0.5263157894736842
Nautilus,MIDDLE,Baixa,0.631578947368421
Nautilus,NONE,Alta,0.4714285714285714
Nautilus,NONE,Baixa,0.35714285714285715
Nautilus,TOP,Alta,0.5384615384615384
Nautilus,TOP,Baixa,1.0
Neeko,BOTTOM,Alta,0.631578947368421
Neeko,BOTTOM,Baixa,0.4864864864864865
Neeko,JUNGLE,Baixa,0.5
Neeko,MIDDLE,Alta,0.5151515151515151
Neeko,MIDDLE,Baixa,0.2
Neeko,NONE,Alta,0.5
Neeko,NONE,Baixa,0.5
Neeko,TOP,Alta,0.5
Neeko,TOP,Baixa,0.3333333333333333
Nidalee,BOTTOM,Alta,1.0
Nidalee,BOTTOM,Baixa,0.0
Nidalee,JUNGLE,Alta,0.5185185185185185
Nidalee,JUNGLE,Baixa,0.41935483870967744
Nidalee,MIDDLE,Alta,0.6
Nidalee,MIDDLE,Baixa,1.0
Nidalee,NONE,Alta,0.7368421052631579
Nidalee,NONE,Baixa,0.2222222222222222
Nidalee,TOP,Alta,0.6363636363636364
Nilah,BOTTOM,Alta,0.5769230769230769
Nilah,BOTTOM,Baixa,0.4827586206896552
Nilah,JUNGLE,Alta,0.75
Nilah,JUNGLE,Baixa,1.0
Nilah,MIDDLE,Alta,0.75
Nilah,MIDDLE,Baixa,0.5
Nilah,NONE,Alta,0.4166666666666667
Nilah,NONE,Baixa,0.5
Nilah,TOP,Baixa,1.0
Nocturne,BOTTOM,Baixa,1.0
Nocturne,JUNGLE,Alta,0.509090909090909
Nocturne,JUNGLE,Baixa,0.4774774774774775
Nocturne,NONE,Alta,0.5
Nocturne,NONE,Baixa,0.5
Nocturne,TOP,Baixa,0.0
Nunu,BOTTOM,Alta,0.0
Nunu,BOTTOM,Baixa,0.0
Nunu,JUNGLE,Alta,0.5
Nunu,JUNGLE,Baixa,0.5135135135135135
Nunu,MIDDLE,Alta,0.46153846153846156
Nunu,MIDDLE,Baixa,0.0
Nunu,NONE,Alta,0.5333333333333333
Nunu,NONE,Baixa,0.4
Nunu,TOP,Baixa,0.0
Olaf,JUNGLE,Alta,0.4
Olaf,JUNGLE,Baixa,0.5454545454545454
Olaf,MIDDLE,Alta,0.75
Olaf,MIDDLE,Baixa,1.0
Olaf,NONE,Alta,0.6
Olaf,NONE,Baixa,0.3333333333333333
Olaf,TOP,Alta,0.5172413793103449
Olaf,TOP,Baixa,0.4444444444444444
Orianna,BOTTOM,Baixa,0.6666666666666666
Orianna,MIDDLE,Alta,0.5853658536585366
Orianna,MIDDLE,Baixa,0.4647887323943662
Orianna,NONE,Alta,0.3333333333333333
Orianna,NONE,Baixa,0.3181818181818182
Orianna,TOP,Alta,0.5714285714285714
Orianna,TOP,Baixa,0.5
Ornn,BOTTOM,Baixa,1.0
Ornn,JUNGLE,Alta,1.0
Ornn,JUNGLE,Baixa,0.42857142857142855
Ornn,MIDDLE,Alta,0.75
Ornn,MIDDLE,Baixa,0.5
Ornn,NONE,Alta,0.5
Ornn,NONE,Baixa,0.4375
Ornn,TOP,Alta,0.5
Ornn,TOP,Baixa,0.4642857142857143
Pantheon,BOTTOM,Alta,0.6666666666666666
Pantheon,BOTTOM,Baixa,0.5263157894736842
Pantheon,JUNGLE,Alta,0.6
Pantheon,JUNGLE,Baixa,0.47058823529411764
Pantheon,MIDDLE,Alta,0.5
Pantheon,MIDDLE,Baixa,0.6363636363636364
Pantheon,NONE,Alta,0.6923076923076923
Pantheon,NONE,Baixa,0.23076923076923078
Pantheon,TOP,Alta,0.5862068965517241
Pantheon,TOP,Baixa,0.4722222222222222
Poppy,BOTTOM,Alta,0.5882352941176471
Poppy,BOTTOM,Baixa,0.5357142857142857
Poppy,JUNGLE,Alta,0.5714285714285714
Poppy,JUNGLE,Baixa,0.4473684210526316
Poppy,MIDDLE,Alta,0.7058823529411765
Poppy,MIDDLE,Baixa,0.6111111111111112
Poppy,NONE,Alta,0.6666666666666666
Poppy,NONE,Baixa,0.55
Poppy,TOP,Alta,0.5268817204301075
Poppy,TOP,Baixa,0.36363636363636365
Pyke,BOTTOM,Alta,0.5379746835443038
Pyke,BOTTOM,Baixa,0.34375
Pyke,JUNGLE,Alta,0.6666666666666666
Pyke,JUNGLE,Baixa,0.3333333333333333
Pyke,MIDDLE,Alta,0.3793103448275862
Pyke,MIDDLE,Baixa,0.3076923076923077
Pyke,NONE,Alta,0.6060606060606061
Pyke,NONE,Baixa,0.28
Pyke,TOP,Alta,0.6666666666666666
Pyke,TOP,Baixa,1.0
Qiyana,JUNGLE,Alta,0.0
Qiyana,JUNGLE,Baixa,0.25
Qiyana,MIDDLE,Alta,0.45454545454545453
Qiyana,MIDDLE,Baixa,0.4482758620689655
Qiyana,NONE,Alta,0.8333333333333334
Qiyana,NONE,Baixa,0.3333333333333333
Qiyana,TOP,Alta,0.6666666666666666
Qiyana,TOP,Baixa,0.75
Quinn,BOTTOM,Alta,1.0
Quinn,JUNGLE,Alta,0.5333333333333333
Quinn,JUNGLE,Baixa,0.46153846153846156
Quinn,MIDDLE,Alta,0.7777777777777778
Quinn,MIDDLE,Baixa,0.6666666666666666
Quinn,NONE,Alta,0.6428571428571429
Quinn,NONE,Baixa,0.375
Quinn,TOP,Alta,0.42105263157894735
Quinn,TOP,Baixa,0.6
Rakan,BOTTOM,Alta,0.5078125
Rakan,BOTTOM,Baixa,0.4666666666666667
Rakan,JUNGLE,Alta,1.0
Rakan,MIDDLE,Alta,0.5
Rakan,MIDDLE,Baixa,0.2727272727272727
Rakan,NONE,Alta,0.4117647058823529
Rakan,NONE,Baixa,0.42424242424242425
Rakan,TOP,Alta,0.0
Rakan,TOP,Baixa,0.6666666666666666
Rammus,BOTTOM,Baixa,1.0
Rammus,JUNGLE,Alta,0.45454545454545453
Rammus,JUNGLE,Baixa,0.5897435897435898
Rammus,NONE,Alta,0.8
Rammus,NONE,Baixa,0.625
Rammus,TOP,Baixa,0.5
RekSai,JUNGLE,Alta,0.46987951807228917
RekSai,JUNGLE,Baixa,0.4473684210526316
RekSai,MIDDLE,Alta,0.0
RekSai,NONE,Alta,0.8
RekSai,NONE,Baixa,0.3333333333333333
RekSai,TOP,Alta,0.6666666666666666
RekSai,TOP,Baixa,0.42857142857142855
Rell,BOTTOM,Alta,0.43434343434343436
Rell,BOTTOM,Baixa,0.48360655737704916
Rell,JUNGLE,Alta,0.3333333333333333
Rell,MIDDLE,Alta,0.5882352941176471
Rell,MIDDLE,Baixa,0.2
Rell,NONE,Alta,0.42857142857142855
Rell,NONE,Baixa,0.5925925925925926
Rell,TOP,Alta,0.0
Rell,TOP,Baixa,1.0
Renata,BOTTOM,Alta,0.5
Renata,BOTTOM,Baixa,0.36486486486486486
Renata,JUNGLE,Alta,1.0
Renata,JUNGLE,Baixa,1.0
Renata,MIDDLE,Alta,0.3333333333333333
Renata,MIDDLE,Baixa,0.0
Renata,NONE,Alta,0.5
Renata,NONE,Baixa,0.6842105263157895
Renata,TOP,Baixa,1.0
Renekton,BOTTOM,Alta,0.0
Renekton,BOTTOM,Baixa,0.0
Renekton,JUNGLE,Alta,0.6129032258064516
Renekton,JUNGLE,Baixa,0.36666666666666664
Renekton,MIDDLE,Alta,0.7272727272727273
Renekton,MIDDLE,Baixa,0.46153846153846156
Renekton,NONE,Alta,0.40540540540540543
Renekton,NONE,Baixa,0.47058823529411764
Renekton,TOP,Alta,0.58
Renekton,TOP,Baixa,0.425
Rengar,BOTTOM,Alta,0.5185185185185185
Rengar,JUNGLE,Alta,0.46153846153846156
Rengar,JUNGLE,Baixa,0.48484848484848486
Rengar,MIDDLE,Alta,0.0
Rengar,NONE,Alta,0.6296296296296297
Rengar,NONE,Baixa,0.3
Rengar,TOP,Alta,0.14285714285714285
Rengar,TOP,Baixa,0.75
Riven,JUNGLE,Alta,0.6578947368421053
Riven,JUNGLE,Baixa,0.8
Riven,MIDDLE,Alta,0.68
Riven,MIDDLE,Baixa,0.3333333333333333
Riven,NONE,Alta,0.5
Riven,NONE,Baixa,0.3333333333333333
Riven,TOP,Alta,0.5370370370370371
Riven,TOP,Baixa,0.5813953488372093
Rumble,BOTTOM,Alta,0.4
Rumble,BOTTOM,Baixa,0.75
Rumble,JUNGLE,Alta,0.6363636363636364
Rumble,JUNGLE,Baixa,0.6
Rumble,MIDDLE,Alta,0.2631578947368421
Rumble,MIDDLE,Baixa,0.375
Rumble,NONE,Alta,0.4
Rumble,NONE,Baixa,0.2777777777777778
Rumble,TOP,Alta,0.6222222222222222
Rumble,TOP,Baixa,0.4
Ryze,JUNGLE,Alta,1.0
Ryze,JUNGLE,Baixa,0.25
Ryze,MIDDLE,Alta,0.5660377358490566
Ryze,MIDDLE,Baixa,0.5
Ryze,NONE,Alta,0.5384615384615384
Ryze,NONE,Baixa,0.4
Ryze,TOP,Alta,0.5151515151515151
Ryze,TOP,Baixa,0.2777777777777778
Samira,BOTTOM,Alta,0.5227272727272727
Samira,BOTTOM,Baixa,0.44761904761904764
Samira,JUNGLE,Alta,1.0
Samira,MIDDLE,Alta,0.8181818181818182
Samira,MIDDLE,Baixa,0.45454545454545453
Samira,NONE,Alta,0.6190476190476191
Samira,NONE,Baixa,0.625
Samira,TOP,Alta,0.6
Samira,TOP,Baixa,0.3333333333333333
Sejuani,BOTTOM,Alta,1.0
Sejuani,BOTTOM,Baixa,0.0
Sejuani,JUNGLE,Alta,0.5833333333333334
Sejuani,JUNGLE,Baixa,0.46601941747572817
Sejuani,MIDDLE,Baixa,0.5
Sejuani,NONE,Alta,0.8
Sejuani,NONE,Baixa,0.625
Sejuani,TOP,Baixa,0.2
Senna,BOTTOM,Alta,0.6410256410256411
Senna,BOTTOM,Baixa,0.4578313253012048
Senna,JUNGLE,Alta,0.8
Senna,JUNGLE,Baixa,0.6666666666666666
Senna,MIDDLE,Alta,0.5
Senna,MIDDLE,Baixa,0.375
Senna,NONE,Alta,0.3235294117647059
Senna,NONE,Baixa,0.5666666666666667
Senna,TOP,Alta,0.75
Senna,TOP,Baixa,0.8333333333333334
Seraphine,BOTTOM,Alta,0.5983606557377049
Seraphine,BOTTOM,Baixa,0.5576923076923077
Seraphine,JUNGLE,Alta,1.0
Seraphine,JUNGLE,Baixa,1.0
Seraphine,MIDDLE,Alta,0.46153846153846156
Seraphine,MIDDLE,Baixa,0.5
Seraphine,NONE,Alta,0.6086956521739131
Seraphine,NONE,Baixa,0.5714285714285714
Seraphine,TOP,Alta,0.8333333333333334
Seraphine,TOP,Baixa,0.0
Sett,JUNGLE,Alta,0.7
Sett,JUNGLE,Baixa,0.5
Sett,MIDDLE,Alta,0.625
Sett,MIDDLE,Baixa,0.42857142857142855
Sett,NONE,Alta,0.4375
Sett,NONE,Baixa,0.35294117647058826
Sett,TOP,Alta,0.5070422535211268
Sett,TOP,Baixa,0.4339622641509434
Shaco,BOTTOM,Alta,0.5
Shaco,BOTTOM,Baixa,0.3333333333333333
Shaco,JUNGLE,Alta,0.43157894736842106
Shaco,JUNGLE,Baixa,0.4897959183673469
Shaco,MIDDLE,Alta,0.4
Shaco,NONE,Alta,0.3333333333333333
Shaco,NONE,Baixa,0.5555555555555556
Shaco,TOP,Alta,0.5
Shaco,TOP,Baixa,0.5
Shen,BOTTOM,Alta,0.13333333333333333
Shen,BOTTOM,Baixa,0.5
Shen,JUNGLE,Alta,0.65
Shen,JUNGLE,Baixa,0.3888888888888889
Shen,MIDDLE,Alta,0.5882352941176471
Shen,MIDDLE,Baixa,1.0
Shen,NONE,Alta,0.625
Shen,NONE,Baixa,0.4583333333333333
Shen,TOP,Alta,0.48484848484848486
Shen,TOP,Baixa,0.5454545454545454
Shyvana,JUNGLE,Alta,0.5192307692307693
Shyvana,JUNGLE,Baixa,0.4489795918367347
Shyvana,MIDDLE,Baixa,0.5
Shyvana,NONE,Alta,0.3333333333333333
Shyvana,NONE,Baixa,0.0
Shyvana,TOP,Alta,0.0
Shyvana,TOP,Baixa,0.5
Singed,BOTTOM,Alta,0.4230769230769231
Singed,BOTTOM,Baixa,1.0
Singed,JUNGLE,Alta,0.43478260869565216
Singed,JUNGLE,Baixa,0.25
Singed,MIDDLE,Alta,0.3888888888888889
Singed,MIDDLE,Baixa,0.0
Singed,NONE,Alta,0.36363636363636365
Singed,NONE,Baixa,0.0
Singed,TOP,Alta,0.6216216216216216
Singed,TOP,Baixa,0.42857142857142855
Sion,BOTTOM,Alta,0.5
Sion,BOTTOM,Baixa,0.0
Sion,JUNGLE,Alta,0.53125
Sion,JUNGLE,Baixa,0.3333333333333333
Sion,MIDDLE,Alta,0.6111111111111112
Sion,MIDDLE,Baixa,0.5555555555555556
Sion,NONE,Alta,0.3333333333333333
Sion,NONE,Baixa,0.6363636363636364
Sion,TOP,Alta,0.4716981132075472
Sion,TOP,Baixa,0.5151515151515151
Sivir,BOTTOM,Alta,0.6027397260273972
Sivir,BOTTOM,Baixa,0.6039603960396039
Sivir,JUNGLE,Alta,1.0
Sivir,JUNGLE,Baixa,1.0
Sivir,MIDDLE,Alta,0.8
Sivir,MIDDLE,Baixa,0.5
Sivir,NONE,Alta,0.6
Sivir,NONE,Baixa,0.3157894736842105
Sivir,TOP,Alta,0.6666666666666666
Sivir,TOP,Baixa,0.5
Skarner,BOTTOM,Alta,1.0
Skarner,BOTTOM,Baixa,0.375
Skarner,JUNGLE,Alta,0.4936708860759494
Skarner,JUNGLE,Baixa,0.5057471264367817
Skarner,MIDDLE,Alta,1.0
Skarner,MIDDLE,Baixa,0.25
Skarner,NONE,Alta,0.4666666666666667
Skarner,NONE,Baixa,0.5555555555555556
Skarner,TOP,Alta,0.6341463414634146
Skarner,TOP,Baixa,0.42857142857142855
Smolder,BOTTOM,Alta,0.43258426966292135
Smolder,BOTTOM,Baixa,0.49019607843137253
Smolder,JUNGLE,Alta,0.5714285714285714
Smolder,JUNGLE,Baixa,0.14285714285714285
Smolder,MIDDLE,Alta,0.36470588235294116
Smolder,MIDDLE,Baixa,0.33980582524271846
Smolder,NONE,Alta,0.3939393939393939
Smolder,NONE,Baixa,0.37037037037037035
Smolder,TOP,Alta,0.5384615384615384
Smolder,TOP,Baixa,0.4
Sona,BOTTOM,Alta,0.5217391304347826
Sona,BOTTOM,Baixa,0.5
Sona,JUNGLE,Alta,0.0
Sona,MIDDLE,Alta,0.5
Sona,MIDDLE,Baixa,0.25
Sona,NONE,Alta,0.5
Sona,NONE,Baixa,0.36363636363636365
Sona,TOP,Alta,1.0
Soraka,BOTTOM,Alta,0.5882352941176471
Soraka,BOTTOM,Baixa,0.5
Soraka,JUNGLE,Alta,0.5
Soraka,JUNGLE,Baixa,1.0
Soraka,MIDDLE,Alta,1.0
Soraka,MIDDLE,Baixa,0.42857142857142855
Soraka,NONE,Alta,0.6304347826086957
Soraka,NONE,Baixa,0.625
Soraka,TOP,Alta,0.6666666666666666
Swain,BOTTOM,Alta,0.5789473684210527
Swain,BOTTOM,Baixa,0.4857142857142857
Swain,JUNGLE,Baixa,1.0
Swain,MIDDLE,Alta,0.62
Swain,MIDDLE,Baixa,0.48148148148148145
Swain,NONE,Alta,0.5
Swain,NONE,Baixa,0.44
Swain,TOP,Alta,0.625
Swain,TOP,Baixa,0.5652173913043478
Sylas,BOTTOM,Alta,0.5454545454545454
Sylas,BOTTOM,Baixa,0.5
Sylas,JUNGLE,Alta,0.4583333333333333
Sylas,JUNGLE,Baixa,0.3
Sylas,MIDDLE,Alta,0.5606060606060606
Sylas,MIDDLE,Baixa,0.43089430894308944
Sylas,NONE,Alta,0.6071428571428571
Sylas,NONE,Baixa,0.475
Sylas,TOP,Alta,0.2916666666666667
Sylas,TOP,Baixa,0.35135135135135137
Syndra,BOTTOM,Alta,0.6
Syndra,BOTTOM,Baixa,0.0
Syndra,JUNGLE,Baixa,1.0
Syndra,MIDDLE,Alta,0.47863247863247865
Syndra,MIDDLE,Baixa,0.4489795918367347
Syndra,NONE,Alta,0.4583333333333333
Syndra,NONE,Baixa,0.45
Syndra,TOP,Alta,0.7272727272727273
Syndra,TOP,Baixa,0.3333333333333333
TahmKench,BOTTOM,Alta,0.5555555555555556
TahmKench,BOTTOM,Baixa,0.5609756097560976
TahmKench,JUNGLE,Alta,0.6666666666666666
TahmKench,JUNGLE,Baixa,0.375
TahmKench,MIDDLE,Alta,0.4117647058823529
TahmKench,MIDDLE,Baixa,0.5555555555555556
TahmKench,NONE,Alta,0.631578947368421
TahmKench,NONE,Baixa,0.6153846153846154
TahmKench,TOP,Alta,0.5853658536585366
TahmKench,TOP,Baixa,0.5454545454545454
Taliyah,BOTTOM,Alta,0.4
Taliyah,BOTTOM,Baixa,0.5
Taliyah,JUNGLE,Alta,0.46153846153846156
Taliyah,JUNGLE,Baixa,0.4032258064516129
Taliyah,MIDDLE,Alta,0.4838709677419355
Taliyah,MIDDLE,Baixa,0.5063291139240507
Taliyah,NONE,Alta,0.4583333333333333
Taliyah,NONE,Baixa,0.35714285714285715
Taliyah,TOP,Alta,0.8
Taliyah,TOP,Baixa,0.5555555555555556
Talon,JUNGLE,Alta,0.6
Talon,JUNGLE,Baixa,0.3333333333333333
Talon,MIDDLE,Alta,0.39285714285714285
Talon,MIDDLE,Baixa,0.43902439024390244
Talon,NONE,Alta,0.7857142857142857
Talon,NONE,Baixa,0.36363636363636365
Talon,TOP,Alta,0.8
Talon,TOP,Baixa,0.3333333333333333
Taric,BOTTOM,Alta,0.5238095238095238
Taric,BOTTOM,Baixa,0.6666666666666666
Taric,JUNGLE,Alta,0.55
Taric,MIDDLE,Alta,0.6
Taric,MIDDLE,Baixa,1.0
Taric,NONE,Alta,0.6
Taric,NONE,Baixa,0.6666666666666666
Taric,TOP,Alta,0.0
Teemo,BOTTOM,Baixa,0.2
Teemo,JUNGLE,Alta,1.0
Teemo,JUNGLE,Baixa,0.5357142857142857
Teemo,MIDDLE,Alta,0.5
Teemo,MIDDLE,Baixa,0.0
Teemo,NONE,Alta,0.3333333333333333
Teemo,NONE,Baixa,0.4
Teemo,TOP,Alta,0.42105263157894735
Teemo,TOP,Baixa,0.5294117647058824
Thresh,BOTTOM,Alta,0.4872448979591837
Thresh,BOTTOM,Baixa,0.46308724832214765
Thresh,JUNGLE,Alta,0.5
Thresh,JUNGLE,Baixa,0.0
Thresh,MIDDLE,Alta,0.6785714285714286
Thresh,MIDDLE,Baixa,0.5294117647058824
Thresh,NONE,Alta,0.5555555555555556
Thresh,NONE,Baixa,0.2903225806451613
Thresh,TOP,Alta,0.3333333333333333
Thresh,TOP,Baixa,0.5555555555555556
Tristana,BOTTOM,Alta,0.4074074074074074
Tristana,BOTTOM,Baixa,0.4625
Tristana,JUNGLE,Alta,0.0
Tristana,JUNGLE,Baixa,0.5
Tristana,MIDDLE,Alta,0.5789473684210527
Tristana,MIDDLE,Baixa,0.4470588235294118
Tristana,NONE,Alta,0.6
Tristana,NONE,Baixa,0.4411764705882353
Tristana,TOP,Alta,0.5
Tristana,TOP,Baixa,0.5625
Trundle,BOTTOM,Baixa,1.0
Trundle,JUNGLE,Alta,0.5263157894736842
Trundle,JUNGLE,Baixa,0.7333333333333333
Trundle,MIDDLE,Alta,0.8
Trundle,MIDDLE,Baixa,0.75
Trundle,NONE,Alta,0.3333333333333333
Trundle,NONE,Baixa,0.75
Trundle,TOP,Alta,0.4909090909090909
Trundle,TOP,Baixa,0.56
Tryndamere,BOTTOM,Baixa,0.0
Tryndamere,JUNGLE,Alta,0.5833333333333334
Tryndamere,JUNGLE,Baixa,0.625
Tryndamere,MIDDLE,Alta,0.875
Tryndamere,MIDDLE,Baixa,1.0
Tryndamere,NONE,Alta,0.6296296296296297
Tryndamere,NONE,Baixa,0.3333333333333333
Tryndamere,TOP,Alta,0.6
Tryndamere,TOP,Baixa,0.3103448275862069
TwistedFate,BOTTOM,Alta,0.16666666666666666
TwistedFate,BOTTOM,Baixa,0.6666666666666666
TwistedFate,JUNGLE,Alta,0.5
TwistedFate,JUNGLE,Baixa,0.14285714285714285
TwistedFate,MIDDLE,Alta,0.4888888888888889
TwistedFate,MIDDLE,Baixa,0.4461538461538462
TwistedFate,NONE,Alta,0.3333333333333333
TwistedFate,NONE,Baixa,0.29411764705882354
TwistedFate,TOP,Alta,0.38095238095238093
TwistedFate,TOP,Baixa,0.3333333333333333
Twitch,BOTTOM,Alta,0.5584415584415584
Twitch,BOTTOM,Baixa,0.3684210526315789
Twitch,JUNGLE,Alta,0.42857142857142855
Twitch,JUNGLE,Baixa,0.0
Twitch,MIDDLE,Alta,0.6
Twitch,MIDDLE,Baixa,0.6
Twitch,NONE,Alta,0.5238095238095238
Twitch,NONE,Baixa,0.5555555555555556
Twitch,TOP,Alta,0.0
Twitch,TOP,Baixa,0.0
Udyr,BOTTOM,Alta,0.5
Udyr,JUNGLE,Alta,0.5241379310344828
Udyr,JUNGLE,Baixa,0.4222222222222222
Udyr,MIDDLE,Alta,0.0
Udyr,NONE,Alta,0.5142857142857142
Udyr,NONE,Baixa,0.5714285714285714
Udyr,TOP,Alta,0.375
Udyr,TOP,Baixa,0.5
Urgot,JUNGLE,Alta,0.4444444444444444
Urgot,JUNGLE,Baixa,0.75
Urgot,MIDDLE,Alta,0.6666666666666666
Urgot,MIDDLE,Baixa,0.6666666666666666
Urgot,NONE,Alta,0.8
Urgot,NONE,Baixa,0.6666666666666666
Urgot,TOP,Alta,0.4262295081967213
Urgot,TOP,Baixa,0.23529411764705882
Varus,BOTTOM,Alta,0.553072625698324
Varus,BOTTOM,Baixa,0.4393305439330544
Varus,JUNGLE,Alta,0.5714285714285714
Varus,JUNGLE,Baixa,0.875
Varus,MIDDLE,Alta,0.47058823529411764
Varus,MIDDLE,Baixa,0.39285714285714285
Varus,NONE,Alta,0.5142857142857142
Varus,NONE,Baixa,0.48936170212765956
Varus,TOP,Alta,0.5555555555555556
Varus,TOP,Baixa,0.5555555555555556
Vayne,BOTTOM,Alta,0.5234375
Vayne,BOTTOM,Baixa,0.4316546762589928
Vayne,JUNGLE,Alta,0.6666666666666666
Vayne,JUNGLE,Baixa,0.6666666666666666
Vayne,MIDDLE,Alta,0.5
Vayne,MIDDLE,Baixa,0.46153846153846156
Vayne,NONE,Alta,0.5714285714285714
Vayne,NONE,Baixa,0.48
Vayne,TOP,Alta,0.45454545454545453
Vayne,TOP,Baixa,0.6333333333333333
Veigar,BOTTOM,Alta,0.41935483870967744
Veigar,BOTTOM,Baixa,0.55
Veigar,MIDDLE,Alta,0.5076923076923077
Veigar,MIDDLE,Baixa,0.5
Veigar,NONE,Alta,0.6842105263157895
Veigar,NONE,Baixa,0.36
Veigar,TOP,Alta,1.0
Veigar,TOP,Baixa,0.5714285714285714
Velkoz,BOTTOM,Alta,0.5978260869565217
Velkoz,BOTTOM,Baixa,0.4230769230769231
Velkoz,JUNGLE,Alta,0.5
Velkoz,MIDDLE,Alta,0.45098039215686275
Velkoz,MIDDLE,Baixa,0.4444444444444444
Velkoz,NONE,Alta,0.5454545454545454
Velkoz,NONE,Baixa,0.3333333333333333
Velkoz,TOP,Alta,0.42857142857142855
Velkoz,TOP,Baixa,0.3333333333333333
Vex,BOTTOM,Alta,1.0
Vex,MIDDLE,Alta,0.5081967213114754
Vex,MIDDLE,Baixa,0.38636363636363635
Vex,NONE,Alta,0.23529411764705882
Vex,NONE,Baixa,0.6428571428571429
Vex,TOP,Alta,1.0
Vex,TOP,Baixa,0.6
Vi,BOTTOM,Baixa,0.5
Vi,JUNGLE,Alta,0.6122448979591837
Vi,JUNGLE,Baixa,0.5078125
Vi,MIDDLE,Baixa,0.0
Vi,NONE,Alta,0.2857142857142857
Vi,NONE,Baixa,0.43333333333333335
Vi,TOP,Baixa,0.0
Viego,BOTTOM,Alta,1.0
Viego,BOTTOM,Baixa,1.0
Viego,JUNGLE,Alta,0.5248618784530387
Viego,JUNGLE,Baixa,0.41975308641975306
Viego,MIDDLE,Alta,0.5
Viego,MIDDLE,Baixa,1.0
Viego,NONE,Alta,0.6274509803921569
Viego,NONE,Baixa,0.5357142857142857
Viego,TOP,Alta,0.25
Viktor,BOTTOM,Alta,0.625
Viktor,BOTTOM,Baixa,0.5
Viktor,JUNGLE,Baixa,0.8
Viktor,MIDDLE,Alta,0.4794520547945205
Viktor,MIDDLE,Baixa,0.47715736040609136
Viktor,NONE,Alta,0.6111111111111112
Viktor,NONE,Baixa,0.39473684210526316
Viktor,TOP,Alta,0.9
Viktor,TOP,Baixa,0.3333333333333333
Vladimir,BOTTOM,Alta,0.0
Vladimir,BOTTOM,Baixa,0.0
Vladimir,JUNGLE,Alta,0.6428571428571429
Vladimir,JUNGLE,Baixa,0.375
Vladimir,MIDDLE,Alta,0.6033057851239669
Vladimir,MIDDLE,Baixa,0.5161290322580645
Vladimir,NONE,Alta,0.6521739130434783
Vladimir,NONE,Baixa,0.7272727272727273
Vladimir,TOP,Alta,0.5340909090909091
Vladimir,TOP,Baixa,0.5869565217391305
Volibear,JUNGLE,Alta,0.6268656716417911
Volibear,JUNGLE,Baixa,0.4827586206896552
Volibear,MIDDLE,Alta,0.75
Volibear,MIDDLE,Baixa,0.2
Volibear,NONE,Alta,0.7272727272727273
Volibear,NONE,Baixa,0.28
Volibear,TOP,Alta,0.3076923076923077
Volibear,TOP,Baixa,0.4791666666666667
Warwick,BOTTOM,Alta,1.0
Warwick,BOTTOM,Baixa,1.0
Warwick,JUNGLE,Alta,0.7142857142857143
Warwick,JUNGLE,Baixa,0.42424242424242425
Warwick,MIDDLE,Baixa,1.0
Warwick,NONE,Alta,0.25
Warwick,NONE,Baixa,0.4
Warwick,TOP,Alta,0.25
Warwick,TOP,Baixa,0.6111111111111112
Xayah,BOTTOM,Alta,0.5368421052631579
Xayah,BOTTOM,Baixa,0.5100671140939598
Xayah,JUNGLE,Alta,1.0
Xayah,JUNGLE,Baixa,0.3333333333333333
Xayah,MIDDLE,Alta,0.0
Xayah,MIDDLE,Baixa,0.5
Xayah,NONE,Alta,0.6206896551724138
Xayah,NONE,Baixa,0.4146341463414634
Xayah,TOP,Baixa,0.5
Xerath,BOTTOM,Alta,0.4909090909090909
Xerath,BOTTOM,Baixa,0.4838709677419355
Xerath,JUNGLE,Alta,1.0
Xerath,MIDDLE,Alta,0.5
Xerath,MIDDLE,Baixa,0.5333333333333333
Xerath,NONE,Alta,0.6521739130434783
Xerath,NONE,Baixa,0.3157894736842105
Xerath,TOP,Alta,0.0
Xerath,TOP,Baixa,0.0
XinZhao,BOTTOM,Baixa,0.0
XinZhao,JUNGLE,Alta,0.5789473684210527
XinZhao,JUNGLE,Baixa,0.5353535353535354
XinZhao,MIDDLE,Baixa,0.5
XinZhao,NONE,Alta,0.6363636363636364
XinZhao,NONE,Baixa,0.5294117647058824
XinZhao,TOP,Alta,0.3333333333333333
XinZhao,TOP,Baixa,0.5
Yasuo,BOTTOM,Alta,0.38461538461538464
Yasuo,BOTTOM,Baixa,0.5
Yasuo,JUNGLE,Alta,0.5
Yasuo,JUNGLE,Baixa,0.42857142857142855
Yasuo,MIDDLE,Alta,0.46835443037974683
Yasuo,MIDDLE,Baixa,0.44761904761904764
Yasuo,NONE,Alta,0.6451612903225806
Yasuo,NONE,Baixa,0.38235294117647056
Yasuo,TOP,Alta,0.4666666666666667
Yasuo,TOP,Baixa,0.3684210526315789
Yone,BOTTOM,Alta,0.5
Yone,BOTTOM,Baixa,0.5
Yone,JUNGLE,Alta,0.55
Yone,JUNGLE,Baixa,0.47058823529411764
Yone,MIDDLE,Alta,0.4444444444444444
Yone,MIDDLE,Baixa,0.4326241134751773
Yone,NONE,Alta,0.39473684210526316
Yone,NONE,Baixa,0.3
Yone,TOP,Alta,0.5135135135135135
Yone,TOP,Baixa,0.38271604938271603
Yorick,JUNGLE,Alta,0.6923076923076923
Yorick,JUNGLE,Baixa,0.4444444444444444
Yorick,MIDDLE,Alta,0.35714285714285715
Yorick,MIDDLE,Baixa,0.6666666666666666
Yorick,NONE,Alta,0.7222222222222222
Yorick,NONE,Baixa,0.375
Yorick,TOP,Alta,0.4931506849315068
Yorick,TOP,Baixa,0.5
Yuumi,BOTTOM,Alta,0.4943820224719101
Yuumi,BOTTOM,Baixa,0.3953488372093023
Yuumi,JUNGLE,Alta,0.0
Yuumi,MIDDLE,Alta,0.5
Yuumi,MIDDLE,Baixa,0.75
Yuumi,NONE,Alta,0.4
Yuumi,NONE,Baixa,0.5
Yuumi,TOP,Alta,1.0
Yuumi,TOP,Baixa,0.0
Zac,BOTTOM,Alta,0.5
Zac,BOTTOM,Baixa,0.5
Zac,JUNGLE,Alta,0.5652173913043478
Zac,JUNGLE,Baixa,0.4090909090909091
Zac,MIDDLE,Alta,0.5
Zac,MIDDLE,Baixa,0.25
Zac,NONE,Alta,0.5675675675675675
Zac,NONE,Baixa,0.3076923076923077
Zac,TOP,Alta,0.3333333333333333
Zac,TOP,Baixa,0.05555555555555555
Zed,JUNGLE,Alta,0.4666666666666667
Zed,JUNGLE,Baixa,0.2857142857142857
Zed,MIDDLE,Alta,0.5147058823529411
Zed,MIDDLE,Baixa,0.3780487804878049
Zed,NONE,Alta,0.4883720930232558
Zed,NONE,Baixa,0.44
Zed,TOP,Alta,0.5238095238095238
Zed,TOP,Baixa,0.2857142857142857
Zeri,BOTTOM,Alta,0.4774774774774775
Zeri,BOTTOM,Baixa,0.4068965517241379
Zeri,JUNGLE,Alta,0.16666666666666666
Zeri,JUNGLE,Baixa,0.7142857142857143
Zeri,MIDDLE,Alta,0.42857142857142855
Zeri,MIDDLE,Baixa,0.4
Zeri,NONE,Alta,0.4782608695652174
Zeri,NONE,Baixa,0.3142857142857143
Zeri,TOP,Alta,0.5
Zeri,TOP,Baixa,0.375
Ziggs,BOTTOM,Alta,0.53125
Ziggs,BOTTOM,Baixa,0.5057471264367817
Ziggs,JUNGLE,Baixa,1.0
Ziggs,MIDDLE,Alta,0.5714285714285714
Ziggs,MIDDLE,Baixa,0.3448275862068966
Ziggs,NONE,Alta,0.6153846153846154
Ziggs,NONE,Baixa,0.5
Ziggs,TOP,Alta,1.0
Ziggs,TOP,Baixa,0.75
Zilean,BOTTOM,Alta,0.6571428571428571
Zilean,BOTTOM,Baixa,0.39473684210526316
Zilean,JUNGLE,Baixa,0.0
Zilean,MIDDLE,Alta,0.6521739130434783
Zilean,MIDDLE,Baixa,0.6666666666666666
Zilean,NONE,Alta,0.45454545454545453
Zilean,NONE,Baixa,0.6153846153846154
Zilean,TOP,Alta,0.5
Zilean,TOP,Baixa,0.6
Zoe,BOTTOM,Alta,0.6190476190476191
Zoe,BOTTOM,Baixa,0.0
Zoe,JUNGLE,Alta,0.5
Zoe,MIDDLE,Alta,0.4782608695652174
Zoe,MIDDLE,Baixa,0.5
Zoe,NONE,Alta,0.6216216216216216
Zoe,NONE,Baixa,1.0
Zoe,TOP,Alta,0.4444444444444444
Zoe,TOP,Baixa,0.0
Zyra,BOTTOM,Alta,0.5555555555555556
Zyra,BOTTOM,Baixa,0.43636363636363634
Zyra,JUNGLE,Alta,0.5555555555555556
Zyra,JUNGLE,Baixa,0.48148148148148145
Zyra,MIDDLE,Alta,0.4
Zyra,NONE,Alta,0.4
Zyra,NONE,Baixa,0.8
Zyra,TOP,Alta,0.4
Zyra,TOP,Baixa,0.0
